﻿{
    "Changes": [
        {
            "Action": "EditData",
            "Target": "Data/CraftingRecipes",
            "Entries": {
                "moonslime.Wizardry.Travel_Core": "768 1 769 1//moonslime.Wizardry.Travel_Core/false/moonslime.Wizard 7",
                "moonslime.Wizardry.CraftableSpellAltar": "872 1 336 5 575 3//(F)moonslime.Wizardry.CraftableSpellAltar/true/moonslime.Wizard 9",


                "moonslime.Wizardry.Scroll_Fireball": "moonslime.Wizardry.Magic_Stone:Mana 2 96 1//moonslime.Wizardry.Scroll_Fireball/false/elemental:fireball 1",
                "moonslime.Wizardry.Scroll_Buff": "moonslime.Wizardry.Magic_Stone:Mana 5 97 1//moonslime.Wizardry.Scroll_Buff/false/life:buff 1",
                "moonslime.Wizardry.Scroll_Bloodmana": "moonslime.Wizardry.Magic_Stone:Health 5 97 1//moonslime.Wizardry.Scroll_Bloodmana/false/eldritch:bloodmana 1",
                "moonslime.Wizardry.Scroll_Evac": "moonslime.Wizardry.Magic_Stone:Mana 2 moonslime.Wizardry.Magic_Stone:Energy 2 96 1//moonslime.Wizardry.Scroll_Evac/false/motion:evac 1",
                "moonslime.Wizardry.Scroll_Meteor": "moonslime.Wizardry.Magic_Stone:Energy 10 386 2 98 1//moonslime.Wizardry.Scroll_Meteor/false/elemental:meteor 1",
                "moonslime.Wizardry.Scroll_Thunderbug": "moonslime.Wizardry.Magic_Stone:Mana 2 96 1//moonslime.Wizardry.Scroll_Thunderbug/false/nature:lantern 1",
                "moonslime.Wizardry.Scroll_Rewind": "moonslime.Wizardry.Magic_Stone:Mana 10 336 2 99 1//moonslime.Wizardry.Scroll_Rewind/false/arcane:rewind 1",
                "moonslime.Wizardry.Scroll_Descend": "moonslime.Wizardry.Magic_Stone:Mana 6 99 1//moonslime.Wizardry.Scroll_Descend/false/motion:descend 1",
                "moonslime.Wizardry.Scroll_Heal": "moonslime.Wizardry.Magic_Stone:Mana 10 98 1//moonslime.Wizardry.Scroll_Heal/false/life:heal 1",
                "moonslime.Wizardry.Scroll_Crabrain": "moonslime.Wizardry.Magic_Stone:Mana 5 717 1 96 1//moonslime.Wizardry.Scroll_Crabrain/false/nature:crabrain 1"

            }
        },
        {
            "Action": "EditData",
            "Target": "Data/CookingRecipes",
            "Entries": {

                "moonslime.Wizardry.Magic_Elixir": "773 1 872 1//moonslime.Wizardry.Magic_Elixir/moonslime.Wizard 8/",
                "moonslime.Wizardry.Magic_Potion": "349 1 872 1//moonslime.Wizardry.Magic_Potion/moonslime.Wizard 4/"

            }
        }
    ]
}
