﻿{
    "Changes": [
        {
            "Action": "EditData",
            "Target": "Data/Machines",
            "Entries": {
                "(BC)moonslime.Wizardry.ManaSink": {
                    "OutputRules": [
                        {
                            "Id": "Item_to_spellpoints",
                            "Triggers": [
                                {
                                    "Id": "ItemPlacedInMachine",
                                    "Trigger": "ItemPlacedInMachine"
                                }
                            ],
                            "UseFirstValidOutput": true,
                            "OutputItem": [
                                {
                                    "OutputMethod": "WizardrySkill.Objects.ManaSink, WizardrySkill: GetOutput",
                                    "CopyColor": false,
                                    "CopyPrice": false,
                                    "CopyQuality": false,
                                    "PreserveType": null,
                                    "PreserveId": null,
                                    "IncrementMachineParentSheetIndex": 0,
                                    "PriceModifiers": null,
                                    "PriceModifierMode": "Stack",
                                    "Condition": null,
                                    "Id": "Default",
                                    "ItemId": null,
                                    "RandomItemId": null,
                                    "MaxItems": null,
                                    "MinStack": -1,
                                    "MaxStack": -1,
                                    "Quality": -1,
                                    "ObjectInternalName": null,
                                    "ObjectDisplayName": null,
                                    "ToolUpgradeLevel": -1,
                                    "IsRecipe": false,
                                    "StackModifiers": null,
                                    "StackModifierMode": "Stack",
                                    "QualityModifiers": null,
                                    "QualityModifierMode": "Stack",
                                    "ModData": null,
                                    "PerItemCondition": null
                                }
                            ],
                            "MinutesUntilReady": -1,
                            "DaysUntilReady": -1,
                            "InvalidCountMessage": null,
                            "RecalculateOnCollect": false
                        }
                    ],
                    "WobbleWhileWorking": true,
                    "ShowNextIndexWhileWorking": false,
                    "ShowNextIndexWhenReady": false,
                    "LoadEffects": [
                        {
                            "Id": "Default",
                            "Condition": null,
                            "Sounds": [
                                {
                                    "Id": "furnace",
                                    "Delay": 0
                                }
                            ],
                            "Interval": 100,
                            "Frames": null,
                            "ShakeDuration": -1,
                            "TemporarySprites": [
                                {
                                    "Id": "Default",
                                    "Condition": null,
                                    "Texture": "TileSheets\\animations",
                                    "SourceRect": {
                                        "X": 0,
                                        "Y": 1920,
                                        "Width": 64,
                                        "Height": 64
                                    },
                                    "Interval": 50.0,
                                    "Frames": 4,
                                    "Loops": 10,
                                    "PositionOffset": "0, -4",
                                    "Flicker": false,
                                    "Flip": false,
                                    "SortOffset": 0.0,
                                    "AlphaFade": 0.005,
                                    "Scale": 0.25,
                                    "ScaleChange": 0.0,
                                    "Rotation": 0.0,
                                    "RotationChange": 0.0,
                                    "Color": null
                                }
                            ]
                        }
                    ],
                    "WorkingEffects": [
                        {
                            "Id": "Default",
                            "Condition": null,
                            "Sounds": [
                                {
                                    "Id": "fireball",
                                    "Delay": 0
                                }
                            ],
                            "Interval": 100,
                            "Frames": null,
                            "ShakeDuration": -1,
                            "TemporarySprites": [
                                {
                                    "Id": "Default",
                                    "Condition": null,
                                    "Texture": "TileSheets\\animations",
                                    "SourceRect": {
                                        "X": 0,
                                        "Y": 1920,
                                        "Width": 64,
                                        "Height": 64
                                    },
                                    "Interval": 50.0,
                                    "Frames": 4,
                                    "Loops": 10,
                                    "PositionOffset": "0, -4",
                                    "Flicker": false,
                                    "Flip": false,
                                    "SortOffset": 0.0,
                                    "AlphaFade": 0.005,
                                    "Scale": 0.25,
                                    "ScaleChange": 0.0,
                                    "Rotation": 0.0,
                                    "RotationChange": 0.0,
                                    "Color": null
                                }
                            ]
                        }
                    ],
                    "WorkingEffectChance": 0.165,
                    "AllowLoadWhenFull": false,
                    "LightWhileWorking": {
                        "Radius": 1.5,
                        "Color": "DarkCyan"
                    }
                }
            }
        }
    ]
}
