﻿{
    "Changes": [
        {
            "LogName": "Actual Patch",
            "Action": "EditMap",
            "Target": "Maps/SeedShop",
            "FromFile": "Assets/altar.tmx",
            "ToArea": {
                "X": 36,
                "Y": 15,
                "Width": 3,
                "Height": 3
            },
            "When": {
                "HasMod |contains=sb.AltarYoba": false,
                "HasFlag |contains=moonslimeWizardryLearnedMagic": true
            }
        },
        {
            "LogName": "Actual Patch",
            "Action": "EditMap",
            "Target": "Maps/SeedShop",
            "FromFile": "Assets/altar_alt.tmx",
            "ToArea": {
                "X": 36,
                "Y": 15,
                "Width": 3,
                "Height": 3
            },
            "When": {
                "HasMod |contains=sb.AltarYoba": true,
                "HasFlag |contains=moonslimeWizardryLearnedMagic": true
            }
        }

    ]
}
