﻿{
    "Changes": [
        {
            "Action": "EditData",
            "Target": "Data/Objects",
            "Entries": {
                "moonslime.Wizardry.HudIcon": {
                    "Name": "Placeholder Item",
                    "DisplayName": "{{i18n:moonslime.Wizardry.placeholder_item.name}}",
                    "Description": "{{i18n:moonslime.Wizardry.placeholder_item.description}}",
                    "Type": "Basic",
                    "Category": 0,
                    "Price": 1,
                    "Texture": "Mods/moonslime.WizardrySkill/objects/Items",
                    "SpriteIndex": 0,
                    "Edibility": -300,
                    "IsDrink": false,
                    "Buffs": null,
                    "GeodeDropsDefaultItems": false,
                    "GeodeDrops": null,
                    "ArtifactSpotChances": null,
                    "ExcludeFromFishingCollection": true,
                    "ExcludeFromShippingCollection": true,
                    "ExcludeFromRandomSale": false,
                    "ContextTags": [
                        "not_placeable"
                    ],
                    "CustomFields": null
                },
                "moonslime.Wizardry.Travel_Core": {
                    "Name": "Placeholder Item",
                    "DisplayName": "{{i18n:moonslime.Wizardry.Travel_Core.name}}",
                    "Description": "{{i18n:moonslime.Wizardry.Travel_Core.description}}",
                    "Type": "Basic",
                    "Category": 2,
                    "Price": 100,
                    "Texture": "Mods/moonslime.WizardrySkill/objects/Items",
                    "SpriteIndex": 2,
                    "Edibility": -300,
                    "IsDrink": false,
                    "Buffs": null,
                    "GeodeDropsDefaultItems": false,
                    "GeodeDrops": null,
                    "ArtifactSpotChances": null,
                    "ExcludeFromFishingCollection": true,
                    "ExcludeFromShippingCollection": true,
                    "ExcludeFromRandomSale": false,
                    "ContextTags": [
                    ],
                    "CustomFields": null
                },
                "moonslime.Wizardry.Magic_Elixir": {
                    "Name": "Magic Elixir",
                    "DisplayName": "{{i18n:moonslime.Wizardry.Magic_Elixir.name}}",
                    "Description": "{{i18n:moonslime.Wizardry.Magic_Elixir.description}}",
                    "Type": "Cooking",
                    "Category": -7,
                    "Price": 1000,
                    "Texture": "Mods/moonslime.WizardrySkill/objects/Items",
                    "SpriteIndex": 1,
                    "Edibility": 80,
                    "IsDrink": true,
                    "Buffs": null,
                    "GeodeDropsDefaultItems": false,
                    "GeodeDrops": null,
                    "ArtifactSpotChances": null,
                    "ExcludeFromFishingCollection": true,
                    "ExcludeFromShippingCollection": true,
                    "ExcludeFromRandomSale": false,
                    "ContextTags": [
                        "not_placeable",
                        "moonslime.ManaBarApi.ManaRestore/100"
                    ],
                    "CustomFields": null
                },
                "moonslime.Wizardry.Magic_Potion": {
                    "Name": "Magic Potion",
                    "DisplayName": "{{i18n:moonslime.Wizardry.Magic_Potion.name}}",
                    "Description": "{{i18n:moonslime.Wizardry.Magic_Potion.description}}",
                    "Type": "Cooking",
                    "Category": -7,
                    "Price": 500,
                    "Texture": "Mods/moonslime.WizardrySkill/objects/Items",
                    "SpriteIndex": 3,
                    "Edibility": 40,
                    "IsDrink": true,
                    "Buffs": null,
                    "GeodeDropsDefaultItems": false,
                    "GeodeDrops": null,
                    "ArtifactSpotChances": null,
                    "ExcludeFromFishingCollection": true,
                    "ExcludeFromShippingCollection": true,
                    "ExcludeFromRandomSale": false,
                    "ContextTags": [
                        "not_placeable",
                        "moonslime.ManaBarApi.ManaRestore/50"
                    ],
                    "CustomFields": null
                }
            }
        },
        {
            "Action": "EditData",
            "Target": "spacechase0.SpaceCore/ObjectExtensionData",
            "Entries": {
                "moonslime.Wizardry.Magic_Potion": {
                    "EatenHealthRestoredOverride": 0,
                    "EatenStaminaRestoredOverride": 50
                },
                "moonslime.Wizardry.Magic_Elixir": {
                    "EatenHealthRestoredOverride": 50,
                    "EatenStaminaRestoredOverride": 0
                }
            }
        },
        {
            "Action": "EditData",
            "Target": "Data/Furniture",
            "Entries": {
                "moonslime.Wizardry.CraftableSpellAltar": "moonslime.Wizardry.CraftableSpellAltar/decor/1 2/1 1/1/1000/-1/{{i18n:moonslime.Wizardry.CraftableSpellAltar}}/5/Mods\\moonslime.WizardrySkill\\objects\\Items"
            }
        },
        {
            "Action": "EditData",
            "Target": "spacechase0.SpaceCore/FurnitureExtensionData",
            "Entries": {
                "moonslime.Wizardry.CraftableSpellAltar": {
                    "TileProperties": {
                        "0, 0": {
                            "Buildings": {
                                "Action": "MagicAltar"
                            }
                        }
                    },
                    "DescriptionOverride": "{{i18n:moonslime.Wizardry.CraftableSpellAltar.description}}"
                }
            }
        }
    ]
}
