﻿{
    "Changes": [
        {
            "Action": "EditData",
            "Target": "Data/Shops",
            "TargetField": [
                "Traveler",
                "Items"
            ],
            "Entries": {
                "moonSlime.Wizardry.scrollitems": {
                    "Id": "moonSlime.Wizardry.scrollitems",
                    "Condition": "RANDOM 0.2",
                    "RandomItemId": [ "(O)moonslime.Wizardry.Magic_Elixir", "(O)moonslime.Wizardry.Magic_Potion", "(O)moonslime.Wizardry.Scroll_Fireball", "(O)moonslime.Wizardry.Scroll_Buff", "(O)moonslime.Wizardry.Scroll_Bloodmana", "(O)moonslime.Wizardry.Scroll_Evac", "(O)moonslime.Wizardry.Scroll_Meteor", "(O)moonslime.Wizardry.Scroll_Thunderbug", "(O)moonslime.Wizardry.Scroll_Rewind", "(O)moonslime.Wizardry.Scroll_Descend", "(O)moonslime.Wizardry.Scroll_Heal", "(O)moonslime.Wizardry.Scroll_Crabrain" ],
                    "AvailableStock": "{{Random: 1, 1, 1, 1, 1, 2, 2, 3, 4, 5}}",
                    "AvailableStockLimit": "Player",
                    "MaxItems": 2,
                    "UseObjectDataPrice": true,
                    "IgnoreShopPriceModifiers": false,
                    "PriceModifiers": [
                        {
                            "Id": "RandomPrices",
                            "Condition": null,
                            "Modification": 4,
                            "Amount": 0.0,
                            "RandomAmount": [
                                25.0,
                                50.0,
                                75.0,
                                100.0,
                                125.0,
                                150.0,
                                175.0,
                                200.0,
                                250.0,
                                300.0,
                                350.0,
                                400.0,
                                450.0,
                                500.0
                            ]
                        },
                        {
                            "Id": "RandomMultiples",
                            "Condition": null,
                            "Modification": 2,
                            "Amount": 0.0,
                            "RandomAmount": [
                                2.0,
                                3.0,
                                4.0,
                                5.0
                            ]
                        }
                    ],
                    "PriceModifierMode": 2
                }
            }
        },
        {
            "Action": "EditData",
            "Target": "Data/Shops",
            "TargetField": [
                "Dwarf",
                "Items"
            ],
            "Entries": {
                "moonSlime.Wizardry.Dwarfscrollitems": {
                    "Id": "moonSlime.Wizardry.Dwarfscrollitems",
                    "RandomItemId": [ "(O)96", "(O)97", "(O)98", "(O)99", "(O)96", "(O)97", "(O)98", "(O)99", "(O)96", "(O)97", "(O)98", "(O)99" ],
                    "AvailableStock": "{{Random: 1, 2, 3, 4, 5, 6, 7, 8, 9, 10}}",
                    "AvailableStockLimit": "Player",
                    "MaxItems": 2,
                    "UseObjectDataPrice": true,
                    "IgnoreShopPriceModifiers": false,
                    "PriceModifiers": [
                        {
                            "Id": "RandomPrices",
                            "Condition": null,
                            "Modification": 4,
                            "Amount": 0.0,
                            "RandomAmount": [
                                25.0,
                                50.0,
                                75.0,
                                100.0,
                                125.0
                            ]
                        },
                        {
                            "Id": "RandomMultiples",
                            "Condition": null,
                            "Modification": 2,
                            "Amount": 0.0,
                            "RandomAmount": [
                                2.0,
                                3.0,
                                4.0,
                                5.0
                            ]
                        }
                    ],
                    "PriceModifierMode": 2
                },
                "moonSlime.Wizardry.Dwarfscrollitems2": {
                    "Id": "moonSlime.Wizardry.Dwarfscrollitems2",
                    "RandomItemId": [ "(O)96", "(O)97", "(O)98", "(O)99", "(O)96", "(O)97", "(O)98", "(O)99", "(O)96", "(O)97", "(O)98", "(O)99" ],
                    "AvailableStock": "{{Random: 1, 2, 3, 4, 5, 6, 7, 8, 9, 10}}",
                    "AvailableStockLimit": "Player",
                    "MaxItems": 2,
                    "UseObjectDataPrice": true,
                    "IgnoreShopPriceModifiers": false,
                    "PriceModifiers": [
                        {
                            "Id": "RandomPrices",
                            "Condition": null,
                            "Modification": 4,
                            "Amount": 0.0,
                            "RandomAmount": [
                                25.0,
                                50.0,
                                75.0,
                                100.0,
                                125.0
                            ]
                        },
                        {
                            "Id": "RandomMultiples",
                            "Condition": null,
                            "Modification": 2,
                            "Amount": 0.0,
                            "RandomAmount": [
                                2.0,
                                3.0,
                                4.0,
                                5.0
                            ]
                        }
                    ],
                    "PriceModifierMode": 2
                }
            }
        }

    ]
}
