﻿{
    "Changes": [
        {
            "Action": "Load",
            "Target": "Mods/moonslime.WizardrySkill/objects/Items",
            "FromFile": "Assets/objects/item_sprites.png"
        },
        {
            "Action": "Load",
            "Target": "Mods/moonslime.WizardrySkill/interface/Magic10a1",
            "FromFile": "Assets/interface/Magic10a1.png"
        },
        {
            "Action": "Load",
            "Target": "Mods/moonslime.WizardrySkill/interface/Magic10a2",
            "FromFile": "Assets/interface/Magic10a2.png"
        },
        {
            "Action": "Load",
            "Target": "Mods/moonslime.WizardrySkill/interface/Magic10b1",
            "FromFile": "Assets/interface/Magic10b1.png"
        },
        {
            "Action": "Load",
            "Target": "Mods/moonslime.WizardrySkill/interface/Magic10b2",
            "FromFile": "Assets/interface/Magic10b2.png"
        },
        {
            "Action": "Load",
            "Target": "Mods/moonslime.WizardrySkill/interface/Magic5a",
            "FromFile": "Assets/interface/Magic5a.png"
        },
        {
            "Action": "Load",
            "Target": "Mods/moonslime.WizardrySkill/interface/Magic5b",
            "FromFile": "Assets/interface/Magic5b.png"
        },
        {
            "Action": "Load",
            "Target": "Mods/moonslime.WizardrySkill/interface/MagiciconA",
            "FromFile": "Assets/interface/MagiciconA.png"
        },
        {
            "Action": "Load",
            "Target": "Mods/moonslime.WizardrySkill/interface/MagiciconB",
            "FromFile": "Assets/interface/MagiciconB.png"
        },
        {
            "Action": "Load",
            "Target": "Mods/moonslime.WizardrySkill/interface/manabg",
            "FromFile": "Assets/interface/manabg.png"
        },
        {
            "Action": "Load",
            "Target": "Mods/moonslime.WizardrySkill/interface/spellbg",
            "FromFile": "Assets/interface/spellbg.png"
        },
        {
            "Action": "Load",
            "Target": "Mods/moonslime.WizardrySkill/interface/spellMenubg",
            "FromFile": "Assets/interface/spellMenubg.png"
        },
        {
            "Action": "Load",
            "Target": "Mods/moonslime.WizardrySkill/interface/unkownSpellBg",
            "FromFile": "Assets/interface/unkownSpellBg.png"
        },
        {
            "Action": "Load",
            "Target": "Mods/moonslime.WizardrySkill/magic/arcane/analyze/1",
            "FromFile": "Assets/magic/arcane/analyze/1.png"
        },
        {
            "Action": "Load",
            "Target": "Mods/moonslime.WizardrySkill/magic/arcane/disenchant/1",
            "FromFile": "Assets/magic/arcane/disenchant/1.png"
        },
        {
            "Action": "Load",
            "Target": "Mods/moonslime.WizardrySkill/magic/arcane/disenchant/2",
            "FromFile": "Assets/magic/arcane/disenchant/2.png"
        },
        {
            "Action": "Load",
            "Target": "Mods/moonslime.WizardrySkill/magic/arcane/disenchant/3",
            "FromFile": "Assets/magic/arcane/disenchant/3.png"
        },
        {
            "Action": "Load",
            "Target": "Mods/moonslime.WizardrySkill/magic/arcane/enchant/1",
            "FromFile": "Assets/magic/arcane/enchant/1.png"
        },
        {
            "Action": "Load",
            "Target": "Mods/moonslime.WizardrySkill/magic/arcane/enchant/2",
            "FromFile": "Assets/magic/arcane/enchant/2.png"
        },
        {
            "Action": "Load",
            "Target": "Mods/moonslime.WizardrySkill/magic/arcane/enchant/3",
            "FromFile": "Assets/magic/arcane/enchant/3.png"
        },
        {
            "Action": "Load",
            "Target": "Mods/moonslime.WizardrySkill/magic/arcane/magicmissle/1",
            "FromFile": "Assets/magic/arcane/magicmissle/1.png"
        },
        {
            "Action": "Load",
            "Target": "Mods/moonslime.WizardrySkill/magic/arcane/magicmissle/2",
            "FromFile": "Assets/magic/arcane/magicmissle/2.png"
        },
        {
            "Action": "Load",
            "Target": "Mods/moonslime.WizardrySkill/magic/arcane/magicmissle/3",
            "FromFile": "Assets/magic/arcane/magicmissle/3.png"
        },
        {
            "Action": "Load",
            "Target": "Mods/moonslime.WizardrySkill/magic/arcane/rewind/1",
            "FromFile": "Assets/magic/arcane/rewind/1.png"
        },
        {
            "Action": "Load",
            "Target": "Mods/moonslime.WizardrySkill/magic/arcane/school-icon",
            "FromFile": "Assets/magic/arcane/school-icon.png"
        },
        {
            "Action": "Load",
            "Target": "Mods/moonslime.WizardrySkill/magic/eldritch/bloodmana/1",
            "FromFile": "Assets/magic/eldritch/bloodmana/1.png"
        },
        {
            "Action": "Load",
            "Target": "Mods/moonslime.WizardrySkill/magic/eldritch/bloodmana/2",
            "FromFile": "Assets/magic/eldritch/bloodmana/2.png"
        },
        {
            "Action": "Load",
            "Target": "Mods/moonslime.WizardrySkill/magic/eldritch/bloodmana/3",
            "FromFile": "Assets/magic/eldritch/bloodmana/3.png"
        },
        {
            "Action": "Load",
            "Target": "Mods/moonslime.WizardrySkill/magic/eldritch/charm/1",
            "FromFile": "Assets/magic/eldritch/charm/1.png"
        },
        {
            "Action": "Load",
            "Target": "Mods/moonslime.WizardrySkill/magic/eldritch/charm/2",
            "FromFile": "Assets/magic/eldritch/charm/2.png"
        },
        {
            "Action": "Load",
            "Target": "Mods/moonslime.WizardrySkill/magic/eldritch/charm/3",
            "FromFile": "Assets/magic/eldritch/charm/3.png"
        },
        {
            "Action": "Load",
            "Target": "Mods/moonslime.WizardrySkill/magic/eldritch/lucksteal/1",
            "FromFile": "Assets/magic/eldritch/lucksteal/1.png"
        },
        {
            "Action": "Load",
            "Target": "Mods/moonslime.WizardrySkill/magic/eldritch/meteor/1",
            "FromFile": "Assets/magic/eldritch/meteor/1.png"
        },
        {
            "Action": "Load",
            "Target": "Mods/moonslime.WizardrySkill/magic/eldritch/spirit/1",
            "FromFile": "Assets/magic/eldritch/spirit/1.png"
        },
        {
            "Action": "Load",
            "Target": "Mods/moonslime.WizardrySkill/magic/eldritch/school-icon",
            "FromFile": "Assets/magic/eldritch/school-icon.png"
        },
        {
            "Action": "Load",
            "Target": "Mods/moonslime.WizardrySkill/magic/elemental/descend/1",
            "FromFile": "Assets/magic/elemental/descend/1.png"
        },
        {
            "Action": "Load",
            "Target": "Mods/moonslime.WizardrySkill/magic/elemental/descend/2",
            "FromFile": "Assets/magic/elemental/descend/2.png"
        },
        {
            "Action": "Load",
            "Target": "Mods/moonslime.WizardrySkill/magic/elemental/descend/3",
            "FromFile": "Assets/magic/elemental/descend/3.png"
        },
        {
            "Action": "Load",
            "Target": "Mods/moonslime.WizardrySkill/magic/elemental/fireball/1",
            "FromFile": "Assets/magic/elemental/fireball/1.png"
        },
        {
            "Action": "Load",
            "Target": "Mods/moonslime.WizardrySkill/magic/elemental/fireball/2",
            "FromFile": "Assets/magic/elemental/fireball/2.png"
        },
        {
            "Action": "Load",
            "Target": "Mods/moonslime.WizardrySkill/magic/elemental/fireball/3",
            "FromFile": "Assets/magic/elemental/fireball/3.png"
        },
        {
            "Action": "Load",
            "Target": "Mods/moonslime.WizardrySkill/magic/elemental/frostbolt/1",
            "FromFile": "Assets/magic/elemental/frostbolt/1.png"
        },
        {
            "Action": "Load",
            "Target": "Mods/moonslime.WizardrySkill/magic/elemental/frostbolt/2",
            "FromFile": "Assets/magic/elemental/frostbolt/2.png"
        },
        {
            "Action": "Load",
            "Target": "Mods/moonslime.WizardrySkill/magic/elemental/frostbolt/3",
            "FromFile": "Assets/magic/elemental/frostbolt/3.png"
        },
        {
            "Action": "Load",
            "Target": "Mods/moonslime.WizardrySkill/magic/elemental/kiln/1",
            "FromFile": "Assets/magic/elemental/kiln/1.png"
        },
        {
            "Action": "Load",
            "Target": "Mods/moonslime.WizardrySkill/magic/elemental/kiln/2",
            "FromFile": "Assets/magic/elemental/kiln/2.png"
        },
        {
            "Action": "Load",
            "Target": "Mods/moonslime.WizardrySkill/magic/elemental/kiln/3",
            "FromFile": "Assets/magic/elemental/kiln/3.png"
        },
        {
            "Action": "Load",
            "Target": "Mods/moonslime.WizardrySkill/magic/elemental/teleport/1",
            "FromFile": "Assets/magic/elemental/teleport/1.png"
        },
        {
            "Action": "Load",
            "Target": "Mods/moonslime.WizardrySkill/magic/elemental/school-icon",
            "FromFile": "Assets/magic/elemental/school-icon.png"
        },
        {
            "Action": "Load",
            "Target": "Mods/moonslime.WizardrySkill/magic/life/buff/1",
            "FromFile": "Assets/magic/life/buff/1.png"
        },
        {
            "Action": "Load",
            "Target": "Mods/moonslime.WizardrySkill/magic/life/buff/2",
            "FromFile": "Assets/magic/life/buff/2.png"
        },
        {
            "Action": "Load",
            "Target": "Mods/moonslime.WizardrySkill/magic/life/buff/3",
            "FromFile": "Assets/magic/life/buff/3.png"
        },
        {
            "Action": "Load",
            "Target": "Mods/moonslime.WizardrySkill/magic/life/cleanse/1",
            "FromFile": "Assets/magic/life/cleanse/1.png"
        },
        {
            "Action": "Load",
            "Target": "Mods/moonslime.WizardrySkill/magic/life/evac/1",
            "FromFile": "Assets/magic/life/evac/1.png"
        },
        {
            "Action": "Load",
            "Target": "Mods/moonslime.WizardrySkill/magic/life/haste/1",
            "FromFile": "Assets/magic/life/haste/1.png"
        },
        {
            "Action": "Load",
            "Target": "Mods/moonslime.WizardrySkill/magic/life/haste/2",
            "FromFile": "Assets/magic/life/haste/2.png"
        },
        {
            "Action": "Load",
            "Target": "Mods/moonslime.WizardrySkill/magic/life/haste/3",
            "FromFile": "Assets/magic/life/haste/3.png"
        },
        {
            "Action": "Load",
            "Target": "Mods/moonslime.WizardrySkill/magic/life/heal/1",
            "FromFile": "Assets/magic/life/heal/1.png"
        },
        {
            "Action": "Load",
            "Target": "Mods/moonslime.WizardrySkill/magic/life/heal/2",
            "FromFile": "Assets/magic/life/heal/2.png"
        },
        {
            "Action": "Load",
            "Target": "Mods/moonslime.WizardrySkill/magic/life/heal/3",
            "FromFile": "Assets/magic/life/heal/3.png"
        },
        {
            "Action": "Load",
            "Target": "Mods/moonslime.WizardrySkill/magic/life/school-icon",
            "FromFile": "Assets/magic/life/school-icon.png"
        },
        {
            "Action": "Load",
            "Target": "Mods/moonslime.WizardrySkill/magic/nature/lantern/1",
            "FromFile": "Assets/magic/nature/lantern/1.png"
        },
        {
            "Action": "Load",
            "Target": "Mods/moonslime.WizardrySkill/magic/nature/lantern/2",
            "FromFile": "Assets/magic/nature/lantern/2.png"
        },
        {
            "Action": "Load",
            "Target": "Mods/moonslime.WizardrySkill/magic/nature/lantern/3",
            "FromFile": "Assets/magic/nature/lantern/3.png"
        },
        {
            "Action": "Load",
            "Target": "Mods/moonslime.WizardrySkill/magic/nature/magnetic_force/1",
            "FromFile": "Assets/magic/nature/magnetic_force/1.png"
        },
        {
            "Action": "Load",
            "Target": "Mods/moonslime.WizardrySkill/magic/nature/magnetic_force/2",
            "FromFile": "Assets/magic/nature/magnetic_force/2.png"
        },
        {
            "Action": "Load",
            "Target": "Mods/moonslime.WizardrySkill/magic/nature/magnetic_force/3",
            "FromFile": "Assets/magic/nature/magnetic_force/3.png"
        },
        {
            "Action": "Load",
            "Target": "Mods/moonslime.WizardrySkill/magic/nature/photosynthesis/1",
            "FromFile": "Assets/magic/nature/photosynthesis/1.png"
        },
        {
            "Action": "Load",
            "Target": "Mods/moonslime.WizardrySkill/magic/nature/shockwave/1",
            "FromFile": "Assets/magic/nature/shockwave/1.png"
        },
        {
            "Action": "Load",
            "Target": "Mods/moonslime.WizardrySkill/magic/nature/shockwave/2",
            "FromFile": "Assets/magic/nature/shockwave/2.png"
        },
        {
            "Action": "Load",
            "Target": "Mods/moonslime.WizardrySkill/magic/nature/shockwave/3",
            "FromFile": "Assets/magic/nature/shockwave/3.png"
        },
        {
            "Action": "Load",
            "Target": "Mods/moonslime.WizardrySkill/magic/nature/tendrils/1",
            "FromFile": "Assets/magic/nature/tendrils/1.png"
        },
        {
            "Action": "Load",
            "Target": "Mods/moonslime.WizardrySkill/magic/nature/tendrils/2",
            "FromFile": "Assets/magic/nature/tendrils/2.png"
        },
        {
            "Action": "Load",
            "Target": "Mods/moonslime.WizardrySkill/magic/nature/tendrils/3",
            "FromFile": "Assets/magic/nature/tendrils/3.png"
        },
        {
            "Action": "Load",
            "Target": "Mods/moonslime.WizardrySkill/magic/nature/tendrils/tendril",
            "FromFile": "Assets/magic/nature/tendrils/tendril.png"
        },
        {
            "Action": "Load",
            "Target": "Mods/moonslime.WizardrySkill/magic/nature/school-icon",
            "FromFile": "Assets/magic/nature/school-icon.png"
        },
        {
            "Action": "Load",
            "Target": "Mods/moonslime.WizardrySkill/magic/toil/blink/1",
            "FromFile": "Assets/magic/toil/blink/1.png"
        },
        {
            "Action": "Load",
            "Target": "Mods/moonslime.WizardrySkill/magic/toil/cleardebris/1",
            "FromFile": "Assets/magic/toil/cleardebris/1.png"
        },
        {
            "Action": "Load",
            "Target": "Mods/moonslime.WizardrySkill/magic/toil/cleardebris/2",
            "FromFile": "Assets/magic/toil/cleardebris/2.png"
        },
        {
            "Action": "Load",
            "Target": "Mods/moonslime.WizardrySkill/magic/toil/cleardebris/3",
            "FromFile": "Assets/magic/toil/cleardebris/3.png"
        },
        {
            "Action": "Load",
            "Target": "Mods/moonslime.WizardrySkill/magic/toil/collect/1",
            "FromFile": "Assets/magic/toil/collect/1.png"
        },
        {
            "Action": "Load",
            "Target": "Mods/moonslime.WizardrySkill/magic/toil/collect/2",
            "FromFile": "Assets/magic/toil/collect/2.png"
        },
        {
            "Action": "Load",
            "Target": "Mods/moonslime.WizardrySkill/magic/toil/collect/3",
            "FromFile": "Assets/magic/toil/collect/3.png"
        },
        {
            "Action": "Load",
            "Target": "Mods/moonslime.WizardrySkill/magic/toil/harvest/1",
            "FromFile": "Assets/magic/toil/harvest/1.png"
        },
        {
            "Action": "Load",
            "Target": "Mods/moonslime.WizardrySkill/magic/toil/harvest/2",
            "FromFile": "Assets/magic/toil/harvest/2.png"
        },
        {
            "Action": "Load",
            "Target": "Mods/moonslime.WizardrySkill/magic/toil/harvest/3",
            "FromFile": "Assets/magic/toil/harvest/3.png"
        },
        {
            "Action": "Load",
            "Target": "Mods/moonslime.WizardrySkill/magic/toil/till/1",
            "FromFile": "Assets/magic/toil/till/1.png"
        },
        {
            "Action": "Load",
            "Target": "Mods/moonslime.WizardrySkill/magic/toil/till/2",
            "FromFile": "Assets/magic/toil/till/2.png"
        },
        {
            "Action": "Load",
            "Target": "Mods/moonslime.WizardrySkill/magic/toil/till/3",
            "FromFile": "Assets/magic/toil/till/3.png"
        },
        {
            "Action": "Load",
            "Target": "Mods/moonslime.WizardrySkill/magic/toil/water/1",
            "FromFile": "Assets/magic/toil/water/1.png"
        },
        {
            "Action": "Load",
            "Target": "Mods/moonslime.WizardrySkill/magic/toil/water/2",
            "FromFile": "Assets/magic/toil/water/2.png"
        },
        {
            "Action": "Load",
            "Target": "Mods/moonslime.WizardrySkill/magic/toil/water/3",
            "FromFile": "Assets/magic/toil/water/3.png"
        },
        {
            "Action": "Load",
            "Target": "Mods/moonslime.WizardrySkill/magic/toil/school-icon",
            "FromFile": "Assets/magic/toil/school-icon.png"
        },
        {
            "Action": "Load",
            "Target": "Mods/moonslime.WizardrySkill/entities/cloud",
            "FromFile": "Assets/entities/cloud.png"
        }

    ]
}
