{
	"Name": "moonslime.excavation.w_prehistoric_rib",
	"HideFromShippingCollection": true, "Category": "15793",
	"CategoryTextOverride": "Artifact",
	"CategoryColorOverride": "116,25,98,255",
	"Edibility": -300,
	"Price": 300,
	"IsColored": false,
	"Recipe": null,
	"GiftTastes": {
		"Like": ["Penny", "Dwarf", "Gunthur"],
		"Neutral": [],
		"Dislike": ["Linus", "Pierre", "Leah", "Wizard", "Maru", "Alex", "Demetrius", "Elliott", "Evelyn", "George", 
					"Harvey", "Jas", "Kent", "Krobus", "Leo", "Lewis", "Robin", "Sam", "Sebastian", "Shane", 
					"Vincent", "Willy", "Gus", "Marnie", "Caroline", "Haley", "Jodi", "Pam", "Penny", "Sandy",
					"Emily", "Clair", "Lance", "Olivia", "Sophia", "Victor", "Andy", "Martin", "Marlon", "Morris", 
					"Morgan", "Susan", "Ian", "Jeric", "Kenneth", "Philip", "Sean", "Shiro", "Alissa", 
					"Blair", "Corine", "Flor", "Kiarra", "Maddie", "Ysabelle", "Anton", "Daia", "Irene", "Jio",
					"Zayne", "Paula", "June", "Bert", "Carmen", "Ezekiel", "Faye", "Freddie", "Kimpoi", "Kiwi",
					"Lenny", "Lola", "Lorenzo", "Maive", "Malaya", "Naomi", "Olga", "Pika", "Richard", "Shanice", 
					"Sonny", "Torts", "Ariah", "Bliss", "Keahi", "Louie", "Pipo", "Yuuma", "Undreya", "Trinnie",
					"Shiko", "Jade", "Joel", "Gregory", "Sheila", "Kim"]
	},
    "TranslationKey": "moonslime.excavation.w_prehistoric_rib"


}