﻿{
    "Id": "moonslime.Archaeology.water_shifter",
    "Object": {
        "Name": "moonslime.Archaeology.water_shifter",
        "DisplayName": "{{i18n:moonslime.Archaeology.water_shifter.name}}",
        "Description": "{{i18n:moonslime.Archaeology.water_shifter.description}}",
        "Type": "Crafting",
        "Category": 0,
        "Price": 1,
        "Texture": "Mods/moonslime.ArchaeologySkill/water_shifter",
        "SpriteIndex": 0,
        "Edibility": -300,
        "IsDrink": false,
        "Buffs": null,
        "GeodeDropsDefaultItems": false,
        "GeodeDrops": null,
        "ArtifactSpotChances": null,
        "ExcludeFromFishingCollection": true,
        "ExcludeFromShippingCollection": true,
        "ExcludeFromRandomSale": false,
        "ContextTags": [
            "color_dark_red"
        ],
        "CustomFields": null
    },
    "Recipe": "848 1 122 1 108 1//moonslime.Archaeology.water_shifter/false/Fishing 1"
}
