﻿{
	"Name": "moonslime.excavation.dummy_water_strainer",
	"Category": "Crafting",
	"Edibility": -300,
	"Price": 150,
	"IsColored": false,
    "Recipe": {
        "ResultCount": 1,
        "Ingredients": [
            {
                "Object": 334,
                "Count": 4
            },
            {
                "Object": 388,
                "Count": 40
            }
        ],
        "CanPurchase": false
    },
	"GiftTastes": {
		"Neutral": ["Linus", "Pierre", "Leah", "Wizard", "Maru", "Alex", "Demetrius", "Elliott", "Evelyn", "George", 
					"Harvey", "Jas", "Kent", "Krobus", "Leo", "Lewis", "Robin", "Sam", "Sebastian", "Shane", 
					"Vincent", "Willy", "Gus", "Marnie", "Caroline", "Haley", "Jodi", "Pam", "Penny", "Sandy",
					"Emily", "Clair", "Lance", "Olivia", "Sophia", "Victor", "Andy", "Martin", "Marlon", "Morris", 
					"Morgan", "Susan", "Ian", "Jeric", "Kenneth", "Philip", "Sean", "Shiro", "Alissa", 
					"Blair", "Corine", "Flor", "Kiarra", "Maddie", "Ysabelle", "Anton", "Daia", "Irene", "Jio",
					"Zayne", "Paula", "June", "Bert", "Carmen", "Ezekiel", "Faye", "Freddie", "Kimpoi", "Kiwi",
					"Lenny", "Lola", "Lorenzo", "Maive", "Malaya", "Naomi", "Olga", "Pika", "Richard", "Shanice", 
					"Sonny", "Torts", "Ariah", "Bliss", "Keahi", "Louie", "Pipo", "Yuuma", "Undreya", "Trinnie",
					"Shiko", "Jade", "Joel", "Gregory", "Sheila", "Kim", "Penny", "Dwarf", "Gunthur"]
	},
    "TranslationKey": "moonslime.excavation.dummy_water_strainer"

}
