﻿{
    "Changes": [
        {
            "Action": "EditData",
            "Target": "Data/CraftingRecipes",
            "Entries": {
                "moonslime.Archaeology.preservation_chamber": "388 15 334 1 725 10//moonslime.Archaeology.preservation_chamber/true/moonslime.Archaeology 1",
                "moonslime.Archaeology.w_display": "388 25/Field/moonslime.Archaeology.w_display/false/moonslime.Archaeology 1",
                "moonslime.Archaeology.restoration_table": "388 25 338 1 335 1/Field/moonslime.Archaeology.restoration_table/true/moonslime.Archaeology 1",
                "moonslime.Archaeology.grinder": "112 2 335 5 787 1//moonslime.Archaeology.grinder/true/moonslime.Archaeology 2",
                "moonslime.Archaeology.soil_sifter": "771 10 334 5 787 1//moonslime.Archaeology.soil_sifter/true/moonslime.Archaeology 2",
                "moonslime.Archaeology.rust_path": "moonslime.Archaeology.rusty_scrap 2/Field/moonslime.Archaeology.rust_path 3/false/moonslime.Archaeology 2",
                "moonslime.Archaeology.glass_path": "118 2/Field/moonslime.Archaeology.glass_path 3/false/moonslime.Archaeology 3",
                "moonslime.Archaeology.rusty_brazier": "moonslime.Archaeology.rusty_scrap 10 382 1 771 1/Field/moonslime.Archaeology.rusty_brazier 1/true/moonslime.Archaeology 3",
                "moonslime.Archaeology.bone_path": "881 2/Field/moonslime.Archaeology.bone_path 3/false/moonslime.Archaeology 4",
                "moonslime.Archaeology.glass_brazier": "118 10 382 1 771 1/Field/moonslime.Archaeology.glass_brazier 1/true/moonslime.Archaeology 4",
                "moonslime.Archaeology.h_preservation_chamber": "709 15 334 1 725 10//moonslime.Archaeology.h_preservation_chamber/true/moonslime.Archaeology 6",
                "moonslime.Archaeology.h_preservation_chamber_2": "709 15 moonslime.Archaeology.preservation_chamber 1//moonslime.Archaeology.h_preservation_chamber/true/moonslime.Archaeology 6",
                "moonslime.Archaeology.h_display": "709 10/Field/moonslime.Archaeology.h_display/false/moonslime.Archaeology 6",
                "moonslime.Archaeology.ancient_battery": "390 40 330 10 335 5//moonslime.Archaeology.ancient_battery/true/moonslime.Archaeology 7",
                "moonslime.Archaeology.glass_fence": "118 2/Field/moonslime.Archaeology.glass_fence 3/false/moonslime.Archaeology 7",
                "moonslime.Archaeology.lucky_ring": "104 1 446 5 562 1/Field/859/false/moonslime.Archaeology 8",
                "moonslime.Archaeology.water_shifter": "334 4 771 8//moonslime.Archaeology.water_shifter/true/moonslime.Archaeology 8",
                "moonslime.Archaeology.bone_fence": "881 2/Field/moonslime.Archaeology.bone_fence 3/false/moonslime.Archaeology 8",
                "moonslime.Archaeology.totem_volcano_warp": "848 5 122 1 108 1//moonslime.Archaeology.totem_volcano_warp/false/moonslime.Archaeology 9"
            }
        },
        {
            "Action": "EditData",
            "Target": "Data/CookingRecipes",
            "Entries": {
                "moonslime.Archaeology.diggers_delight": "78 2 245 1 -6 1//moonslime.Archaeology.diggers_delight/moonslime.Archaeology 3/",
                "moonslime.Archaeology.rocky_root": "78 3 395 1 390 1//moonslime.Archaeology.rocky_root/moonslime.Archaeology 7/",
                "moonslime.Archaeology.ancient_jello": "CaveJelly 6 245 5 -5 1 -6 1 100 1//moonslime.Archaeology.ancient_jello/moonslime.Archaeology 9/"
            }
        }
    ]
}
