﻿{
    "Changes": [
        {
            "Action": "EditData",
            "Target": "Data/Fences",
            "Entries": {
                "moonslime.Archaeology.glass_fence": {
				"Health": 84,
				"RepairHealthAdjustmentMinimum": -5.0,
				"RepairHealthAdjustmentMaximum": 5.0,
				"Texture": "Paths\\H_Archeology_Fence_Glass",
				"PlacementSound": "axe",
				"RemovalSound": "axchop",
				"RemovalToolIds": [],
				"RemovalToolTypes": [
					"StardewValley.Tools.Axe"
				],
				"RemovalDebrisType": 12,
				"HeldObjectDrawOffset": "0, -20",
				"LeftEndHeldObjectDrawX": -1.0,
				"RightEndHeldObjectDrawX": 0.0
				},
				"moonslime.Archaeology.bone_fence": {
				"Health": 28,
				"RepairHealthAdjustmentMinimum": -5.0,
				"RepairHealthAdjustmentMaximum": 5.0,
				"Texture": "Paths\\H_Archeology_Fence_Bone",
				"PlacementSound": "axe",
				"RemovalSound": "axchop",
				"RemovalToolIds": [],
				"RemovalToolTypes": [
					"StardewValley.Tools.Axe"
				],
				"RemovalDebrisType": 12,
				"HeldObjectDrawOffset": "0, -20",
				"LeftEndHeldObjectDrawX": -1.0,
				"RightEndHeldObjectDrawX": 0.0
				}
            }
        }
    ]
}
