{
    "Changes": [
        {
            "Action": "EditData",
            "Target": "Data/FloorsAndPaths",
            "Entries": {
                "Archaelogy_Glass_Path": {
                    "Id": "Archaelogy_Glass_Path",
                    "ItemId": "moonslime.Archaeology.glass_path",
                    "Texture": "Paths\\H_Archeology_Paths",
                    "Corner": {
                        "X": 0,
                        "Y": 0
                    },
                    "PlacementSound": "thudStep",
                    "RemovalSound": "hammer",
                    "RemovalDebrisType": 14,
					"FootstepSound": "stoneStep",
					"ConnectType": "Path",
					"ShadowType": "None",
					"CornerSize": 4,
                    "FarmSpeedBuff": 0.3
                },
                "Archaelogy_Bone_Path": {
                    "Id": "Archaelogy_Bone_Path",
                    "ItemId": "moonslime.Archaeology.bone_path",
                    "Texture": "Paths\\H_Archeology_Paths",
                    "Corner": {
                        "X": 64,
                        "Y": 0
                    },
                    "PlacementSound": "thudStep",
                    "RemovalSound": "hammer",
                    "RemovalDebrisType": 14,
					"FootstepSound": "stoneStep",
					"ConnectType": "Path",
					"ShadowType": "None",
					"CornerSize": 4,
                    "FarmSpeedBuff": 0.3
                },
                "Archaelogy_Rust_Path": {
                    "Id": "Archaelogy_Rust_Path",
                    "ItemId": "moonslime.Archaeology.rust_path",
                    "Texture": "Paths\\H_Archeology_Paths",
                    "Corner": {
                        "X": 128,
                        "Y": 0
                    },
                    "PlacementSound": "thudStep",
                    "RemovalSound": "hammer",
                    "RemovalDebrisType": 14,
					"FootstepSound": "stoneStep",
					"ConnectType": "Path",
					"ShadowType": "None",
					"CornerSize": 4,
                    "FarmSpeedBuff": 0.3
                }
            }
        }
    ]
}