﻿{
    "Changes": [
        {
            "Action": "EditData",
            "Target": "Data/Machines",
            "TargetField": [
                "(BC)moonslime.Archaeology.grinder",
                "OutputRules"
            ],
            "Entries": {
                "oldCoin_to_Gold": {
                    "Id": "oldCoin_to_Gold",
                    "Triggers": [
                        {
                            "Id": "ItemPlacedInMachine",
                            "Trigger": "ItemPlacedInMachine",
                            "RequiredItemId": "(O)FlashShifter.StardewValleyExpandedCP_Old_Coin",
                            "RequiredCount": 1
                        }
                    ],
                    "UseFirstValidOutput": true,
                    "OutputItem": [
                        {
                            "Id": "Gold",
                            "ItemId": "(O)384",
                            "IncrementMachineParentSheetIndex": 1,
                            "MinStack": 1,
                            "MaxStack": 3
                        }
                    ],
                    "MinutesUntilReady": 720
                },
                "RustyShield_to_Rust": {
                    "Id": "RustyShield_to_Rust",
                    "Triggers": [
                        {
                            "Id": "ItemPlacedInMachine",
                            "Trigger": "ItemPlacedInMachine",
                            "RequiredItemId": "(O)FlashShifter.StardewValleyExpandedCP_Rusty_Shield",
                            "RequiredCount": 1
                        }
                    ],
                    "UseFirstValidOutput": true,
                    "OutputItem": [
                        {
                            "Id": "Iron Ore",
                            "Condition": "RANDOM 0.3",
                            "ItemId": "(O)380",
                            "IncrementMachineParentSheetIndex": 1,
                            "MinStack": 5,
                            "MaxStack": 10
                        },
                        {
                            "Id": "Rust Scrap",
                            "ItemId": "moonslime.Archaeology.rusty_scrap",
                            "IncrementMachineParentSheetIndex": 1,
                            "MinStack": 5,
                            "MaxStack": 10
                        }
                    ],
                    "MinutesUntilReady": 720
                }
            }
        },
        {
            "Action": "EditData",
            "Target": "Data/Machines",
            "TargetField": [
                "(BC)moonslime.Archaeology.preservation_chamber",
                "OutputRules"
            ],
            "Entries": {
                "moonslime.Archaeology.w_StardewValleyExpandedCP_Amber": {
                    "Id": "moonslime.Archaeology.w_StardewValleyExpandedCP_Amber",
                    "Triggers": [
                        {
                            "Id": "ItemPlacedInMachine",
                            "Trigger": "ItemPlacedInMachine",
                            "RequiredItemId": "(O)FlashShifter.StardewValleyExpandedCP_Amber",
                            "RequiredCount": 1
                        }
                    ],
                    "UseFirstValidOutput": true,
                    "OutputItem": [
                        {
                            "Id": "moonslime.Archaeology.w_StardewValleyExpandedCP_Amber",
                            "ItemId": "(O)moonslime.Archaeology.w_StardewValleyExpandedCP_Amber",
                            "MinStack": 1,
                            "MaxStack": 1,
                            "CopyQuality": true
                        }
                    ],
                    "MinutesUntilReady": 720
                },
                "moonslime.Archaeology.w_StardewValleyExpandedCP_Boomerang": {
                    "Id": "moonslime.Archaeology.w_StardewValleyExpandedCP_Boomerang",
                    "Triggers": [
                        {
                            "Id": "ItemPlacedInMachine",
                            "Trigger": "ItemPlacedInMachine",
                            "RequiredItemId": "(O)FlashShifter.StardewValleyExpandedCP_Boomerang",
                            "RequiredCount": 1
                        }
                    ],
                    "UseFirstValidOutput": true,
                    "OutputItem": [
                        {
                            "Id": "moonslime.Archaeology.w_StardewValleyExpandedCP_Boomerang",
                            "ItemId": "(O)moonslime.Archaeology.w_StardewValleyExpandedCP_Boomerang",
                            "MinStack": 1,
                            "MaxStack": 1,
                            "CopyQuality": true
                        }
                    ],
                    "MinutesUntilReady": 720
                },
                "moonslime.Archaeology.w_StardewValleyExpandedCP_Faded_Button": {
                    "Id": "moonslime.Archaeology.w_StardewValleyExpandedCP_Faded_Button",
                    "Triggers": [
                        {
                            "Id": "ItemPlacedInMachine",
                            "Trigger": "ItemPlacedInMachine",
                            "RequiredItemId": "(O)FlashShifter.StardewValleyExpandedCP_Faded_Button",
                            "RequiredCount": 1
                        }
                    ],
                    "UseFirstValidOutput": true,
                    "OutputItem": [
                        {
                            "Id": "moonslime.Archaeology.w_StardewValleyExpandedCP_Faded_Button",
                            "ItemId": "(O)moonslime.Archaeology.w_StardewValleyExpandedCP_Faded_Button",
                            "MinStack": 1,
                            "MaxStack": 1,
                            "CopyQuality": true
                        }
                    ],
                    "MinutesUntilReady": 720
                },
                "moonslime.Archaeology.w_StardewValleyExpandedCP_Fossilized_Apple": {
                    "Id": "moonslime.Archaeology.w_StardewValleyExpandedCP_Fossilized_Apple",
                    "Triggers": [
                        {
                            "Id": "ItemPlacedInMachine",
                            "Trigger": "ItemPlacedInMachine",
                            "RequiredItemId": "(O)FlashShifter.StardewValleyExpandedCP_Fossilized_Apple",
                            "RequiredCount": 1
                        }
                    ],
                    "UseFirstValidOutput": true,
                    "OutputItem": [
                        {
                            "Id": "moonslime.Archaeology.w_StardewValleyExpandedCP_Fossilized_Apple",
                            "ItemId": "(O)moonslime.Archaeology.w_StardewValleyExpandedCP_Fossilized_Apple",
                            "MinStack": 1,
                            "MaxStack": 1,
                            "CopyQuality": true
                        }
                    ],
                    "MinutesUntilReady": 720
                },
                "moonslime.Archaeology.w_StardewValleyExpandedCP_Old_Coin": {
                    "Id": "moonslime.Archaeology.w_StardewValleyExpandedCP_Old_Coin",
                    "Triggers": [
                        {
                            "Id": "ItemPlacedInMachine",
                            "Trigger": "ItemPlacedInMachine",
                            "RequiredItemId": "(O)FlashShifter.StardewValleyExpandedCP_Old_Coin",
                            "RequiredCount": 1
                        }
                    ],
                    "UseFirstValidOutput": true,
                    "OutputItem": [
                        {
                            "Id": "moonslime.Archaeology.w_StardewValleyExpandedCP_Old_Coin",
                            "ItemId": "(O)moonslime.Archaeology.w_StardewValleyExpandedCP_Old_Coin",
                            "MinStack": 1,
                            "MaxStack": 1,
                            "CopyQuality": true
                        }
                    ],
                    "MinutesUntilReady": 720
                },
                "moonslime.Archaeology.w_StardewValleyExpandedCP_Rusty_Shield": {
                    "Id": "moonslime.Archaeology.w_StardewValleyExpandedCP_Rusty_Shield",
                    "Triggers": [
                        {
                            "Id": "ItemPlacedInMachine",
                            "Trigger": "ItemPlacedInMachine",
                            "RequiredItemId": "(O)FlashShifter.StardewValleyExpandedCP_Rusty_Shield",
                            "RequiredCount": 1
                        }
                    ],
                    "UseFirstValidOutput": true,
                    "OutputItem": [
                        {
                            "Id": "moonslime.Archaeology.w_StardewValleyExpandedCP_Rusty_Shield",
                            "ItemId": "(O)moonslime.Archaeology.w_StardewValleyExpandedCP_Rusty_Shield",
                            "MinStack": 1,
                            "MaxStack": 1,
                            "CopyQuality": true
                        }
                    ],
                    "MinutesUntilReady": 720
                },
                "moonslime.Archaeology.w_StardewValleyExpandedCP_Stone_of_Yoba": {
                    "Id": "moonslime.Archaeology.w_StardewValleyExpandedCP_Stone_of_Yoba",
                    "Triggers": [
                        {
                            "Id": "ItemPlacedInMachine",
                            "Trigger": "ItemPlacedInMachine",
                            "RequiredItemId": "(O)FlashShifter.StardewValleyExpandedCP_Stone_of_Yoba",
                            "RequiredCount": 1
                        }
                    ],
                    "UseFirstValidOutput": true,
                    "OutputItem": [
                        {
                            "Id": "moonslime.Archaeology.w_StardewValleyExpandedCP_Stone_of_Yoba",
                            "ItemId": "(O)moonslime.Archaeology.w_StardewValleyExpandedCP_Stone_of_Yoba",
                            "MinStack": 1,
                            "MaxStack": 1,
                            "CopyQuality": true
                        }
                    ],
                    "MinutesUntilReady": 720
                }
            }
        },
        {
            "Action": "EditData",
            "Target": "Data/Machines",
            "TargetField": [
                "(BC)moonslime.Archaeology.h_preservation_chamber",
                "OutputRules"
            ],
            "Entries": {
                "moonslime.Archaeology.h_StardewValleyExpandedCP_Amber": {
                    "Id": "moonslime.Archaeology.h_StardewValleyExpandedCP_Amber",
                    "Triggers": [
                        {
                            "Id": "ItemPlacedInMachine",
                            "Trigger": "ItemPlacedInMachine",
                            "RequiredItemId": "(O)FlashShifter.StardewValleyExpandedCP_Amber",
                            "RequiredCount": 1
                        }
                    ],
                    "UseFirstValidOutput": true,
                    "OutputItem": [
                        {
                            "Id": "moonslime.Archaeology.h_StardewValleyExpandedCP_Amber",
                            "ItemId": "(O)moonslime.Archaeology.h_StardewValleyExpandedCP_Amber",
                            "MinStack": 1,
                            "MaxStack": 1,
                            "CopyQuality": true
                        }
                    ],
                    "MinutesUntilReady": 720
                },
                "moonslime.Archaeology.h_StardewValleyExpandedCP_Boomerang": {
                    "Id": "moonslime.Archaeology.h_StardewValleyExpandedCP_Boomerang",
                    "Triggers": [
                        {
                            "Id": "ItemPlacedInMachine",
                            "Trigger": "ItemPlacedInMachine",
                            "RequiredItemId": "(O)FlashShifter.StardewValleyExpandedCP_Boomerang",
                            "RequiredCount": 1
                        }
                    ],
                    "UseFirstValidOutput": true,
                    "OutputItem": [
                        {
                            "Id": "moonslime.Archaeology.h_StardewValleyExpandedCP_Boomerang",
                            "ItemId": "(O)moonslime.Archaeology.h_StardewValleyExpandedCP_Boomerang",
                            "MinStack": 1,
                            "MaxStack": 1,
                            "CopyQuality": true
                        }
                    ],
                    "MinutesUntilReady": 720
                },
                "moonslime.Archaeology.h_StardewValleyExpandedCP_Faded_Button": {
                    "Id": "moonslime.Archaeology.h_StardewValleyExpandedCP_Faded_Button",
                    "Triggers": [
                        {
                            "Id": "ItemPlacedInMachine",
                            "Trigger": "ItemPlacedInMachine",
                            "RequiredItemId": "(O)FlashShifter.StardewValleyExpandedCP_Faded_Button",
                            "RequiredCount": 1
                        }
                    ],
                    "UseFirstValidOutput": true,
                    "OutputItem": [
                        {
                            "Id": "moonslime.Archaeology.h_StardewValleyExpandedCP_Faded_Button",
                            "ItemId": "(O)moonslime.Archaeology.h_StardewValleyExpandedCP_Faded_Button",
                            "MinStack": 1,
                            "MaxStack": 1,
                            "CopyQuality": true
                        }
                    ],
                    "MinutesUntilReady": 720
                },
                "moonslime.Archaeology.h_StardewValleyExpandedCP_Fossilized_Apple": {
                    "Id": "moonslime.Archaeology.h_StardewValleyExpandedCP_Fossilized_Apple",
                    "Triggers": [
                        {
                            "Id": "ItemPlacedInMachine",
                            "Trigger": "ItemPlacedInMachine",
                            "RequiredItemId": "(O)FlashShifter.StardewValleyExpandedCP_Fossilized_Apple",
                            "RequiredCount": 1
                        }
                    ],
                    "UseFirstValidOutput": true,
                    "OutputItem": [
                        {
                            "Id": "moonslime.Archaeology.h_StardewValleyExpandedCP_Fossilized_Apple",
                            "ItemId": "(O)moonslime.Archaeology.h_StardewValleyExpandedCP_Fossilized_Apple",
                            "MinStack": 1,
                            "MaxStack": 1,
                            "CopyQuality": true
                        }
                    ],
                    "MinutesUntilReady": 720
                },
                "moonslime.Archaeology.h_StardewValleyExpandedCP_Old_Coin": {
                    "Id": "moonslime.Archaeology.h_StardewValleyExpandedCP_Old_Coin",
                    "Triggers": [
                        {
                            "Id": "ItemPlacedInMachine",
                            "Trigger": "ItemPlacedInMachine",
                            "RequiredItemId": "(O)FlashShifter.StardewValleyExpandedCP_Old_Coin",
                            "RequiredCount": 1
                        }
                    ],
                    "UseFirstValidOutput": true,
                    "OutputItem": [
                        {
                            "Id": "moonslime.Archaeology.h_StardewValleyExpandedCP_Old_Coin",
                            "ItemId": "(O)moonslime.Archaeology.h_StardewValleyExpandedCP_Old_Coin",
                            "MinStack": 1,
                            "MaxStack": 1,
                            "CopyQuality": true
                        }
                    ],
                    "MinutesUntilReady": 720
                },
                "moonslime.Archaeology.h_StardewValleyExpandedCP_Rusty_Shield": {
                    "Id": "moonslime.Archaeology.h_StardewValleyExpandedCP_Rusty_Shield",
                    "Triggers": [
                        {
                            "Id": "ItemPlacedInMachine",
                            "Trigger": "ItemPlacedInMachine",
                            "RequiredItemId": "(O)FlashShifter.StardewValleyExpandedCP_Rusty_Shield",
                            "RequiredCount": 1
                        }
                    ],
                    "UseFirstValidOutput": true,
                    "OutputItem": [
                        {
                            "Id": "moonslime.Archaeology.h_StardewValleyExpandedCP_Rusty_Shield",
                            "ItemId": "(O)moonslime.Archaeology.h_StardewValleyExpandedCP_Rusty_Shield",
                            "MinStack": 1,
                            "MaxStack": 1,
                            "CopyQuality": true
                        }
                    ],
                    "MinutesUntilReady": 720
                },
                "moonslime.Archaeology.h_StardewValleyExpandedCP_Stone_of_Yoba": {
                    "Id": "moonslime.Archaeology.h_StardewValleyExpandedCP_Stone_of_Yoba",
                    "Triggers": [
                        {
                            "Id": "ItemPlacedInMachine",
                            "Trigger": "ItemPlacedInMachine",
                            "RequiredItemId": "(O)FlashShifter.StardewValleyExpandedCP_Stone_of_Yoba",
                            "RequiredCount": 1
                        }
                    ],
                    "UseFirstValidOutput": true,
                    "OutputItem": [
                        {
                            "Id": "moonslime.Archaeology.h_StardewValleyExpandedCP_Stone_of_Yoba",
                            "ItemId": "(O)moonslime.Archaeology.h_StardewValleyExpandedCP_Stone_of_Yoba",
                            "MinStack": 1,
                            "MaxStack": 1,
                            "CopyQuality": true
                        }
                    ],
                    "MinutesUntilReady": 720
                }
            }
        }
    ]
}
