﻿{
    "Changes": [
        {
            "Action": "EditData",
            "Target": "Data/Machines",
            "TargetField": [
                "(BC)moonslime.Archaeology.grinder",
                "OutputRules"
            ],
            "Entries": {
                "EfficientCog_to_Iridium": {
                    "Id": "EfficientCog_to_Iridium",
                    "Triggers": [
                        {
                            "Id": "ItemPlacedInMachine",
                            "Trigger": "ItemPlacedInMachine",
                            "RequiredItemId": "(O)Lumisteria.MtVapius_Treasures_EfficientCog",
                            "RequiredCount": 1
                        }
                    ],
                    "UseFirstValidOutput": true,
                    "OutputItem": [
                        {
                            "Id": "Iridium",
                            "ItemId": "(O)386",
                            "MinStack": 3,
                            "MaxStack": 7
                        }
                    ],
                    "MinutesUntilReady": 720
                },
                "dwarvishDevice_to_Iridium": {
                    "Id": "dwarvishDevice_to_Iridium",
                    "Triggers": [
                        {
                            "Id": "ItemPlacedInMachine",
                            "Trigger": "ItemPlacedInMachine",
                            "RequiredItemId": "(O)Lumisteria.MtVapius_Treasures_DwarvishDevice",
                            "RequiredCount": 1
                        }
                    ],
                    "UseFirstValidOutput": true,
                    "OutputItem": [
                        {
                            "Id": "Iridium",
                            "ItemId": "(O)386",
                            "MinStack": 1,
                            "MaxStack": 3
                        }
                    ],
                    "MinutesUntilReady": 720
                },
                "RustyChest_to_Rust": {
                    "Id": "RustyChest_to_Rust",
                    "Triggers": [
                        {
                            "Id": "ItemPlacedInMachine",
                            "Trigger": "ItemPlacedInMachine",
                            "RequiredItemId": "(O)Lumisteria.MtVapius_Treasures_RustyChest",
                            "RequiredCount": 1
                        }
                    ],
                    "UseFirstValidOutput": true,
                    "OutputItem": [
                        {
                            "Id": "Weird Coins",
                            "Condition": "RANDOM 0.2",
                            "ItemId": "(O)Lumisteria.MtVapius_WeirdCoins",
                            "MinStack": 5,
                            "MaxStack": 10
                        },
                        {
                            "Id": "Iron Ore",
                            "Condition": "RANDOM 0.3",
                            "ItemId": "(O)380",
                            "MinStack": 5,
                            "MaxStack": 10
                        },
                        {
                            "Id": "Rust Scrap",
                            "ItemId": "moonslime.Archaeology.rusty_scrap",
                            "MinStack": 5,
                            "MaxStack": 10
                        }
                    ],
                    "MinutesUntilReady": 720
                },
                "railspike_to_iron": {
                    "Id": "railspike_to_iron",
                    "Triggers": [
                        {
                            "Id": "ItemPlacedInMachine",
                            "Trigger": "ItemPlacedInMachine",
                            "RequiredItemId": "(O)Lumisteria.MtVapius_Treasures_RailroadNail",
                            "RequiredCount": 1
                        }
                    ],
                    "UseFirstValidOutput": true,
                    "OutputItem": [
                        {
                            "Id": "Iron",
                            "ItemId": "(O)380",
                            "MinStack": 3,
                            "MaxStack": 7
                        }
                    ],
                    "MinutesUntilReady": 720
                },
                "copperFibula_to_copper": {
                    "Id": "copperFibula_to_copper",
                    "Triggers": [
                        {
                            "Id": "ItemPlacedInMachine",
                            "Trigger": "ItemPlacedInMachine",
                            "RequiredItemId": "(O)Lumisteria.MtVapius_Treasures_CopperFibula",
                            "RequiredCount": 1
                        }
                    ],
                    "UseFirstValidOutput": true,
                    "OutputItem": [
                        {
                            "Id": "Copper",
                            "ItemId": "(O)378",
                            "MinStack": 10,
                            "MaxStack": 15
                        }
                    ],
                    "MinutesUntilReady": 720
                },
                "glassBowl_to_GlassShard": {
                    "Id": "glassBowl_to_GlassShard",
                    "Triggers": [
                        {
                            "Id": "ItemPlacedInMachine",
                            "Trigger": "ItemPlacedInMachine",
                            "RequiredItemId": "(O)Lumisteria.MtVapius_Treasures_GlassBowl",
                            "RequiredCount": 1
                        }
                    ],
                    "UseFirstValidOutput": true,
                    "OutputItem": [
                        {
                            "Id": "Glass Shard",
                            "ItemId": "(O)118",
                            "MinStack": 5,
                            "MaxStack": 10
                        }
                    ],
                    "MinutesUntilReady": 720
                },
                "minerLamp_to_iron": {
                    "Id": "minerLamp_to_iron",
                    "Triggers": [
                        {
                            "Id": "ItemPlacedInMachine",
                            "Trigger": "ItemPlacedInMachine",
                            "RequiredItemId": "(O)Lumisteria.MtVapius_Treasures_OldMinerLamp",
                            "RequiredCount": 1
                        }
                    ],
                    "UseFirstValidOutput": true,
                    "OutputItem": [
                        {
                            "Id": "Glass Shard",
                            "Condition": "RANDOM 0.2",
                            "ItemId": "(O)118",
                            "MinStack": 5,
                            "MaxStack": 10
                        },
                        {
                            "Id": "Iron Ore",
                            "Condition": "RANDOM 0.3",
                            "ItemId": "(O)380",
                            "MinStack": 5,
                            "MaxStack": 10
                        },
                        {
                            "Id": "Rust Scrap",
                            "ItemId": "(O)moonslime.Archaeology.rusty_scrap",
                            "MinStack": 5,
                            "MaxStack": 10
                        }
                    ],
                    "MinutesUntilReady": 720
                },
                "rustyRing_to_Rust": {
                    "Id": "rustyRing_to_Rust",
                    "Triggers": [
                        {
                            "Id": "ItemPlacedInMachine",
                            "Trigger": "ItemPlacedInMachine",
                            "RequiredItemId": "(O)Lumisteria.MtVapius_Treasures_RustyRing",
                            "RequiredCount": 1
                        }
                    ],
                    "UseFirstValidOutput": true,
                    "OutputItem": [
                        {
                            "Id": "Gold Ore",
                            "Condition": "RANDOM 0.3",
                            "ItemId": "(O)384",
                            "MinStack": 1,
                            "MaxStack": 5
                        },
                        {
                            "Id": "Rust Scrap",
                            "ItemId": "(O)moonslime.Archaeology.rusty_scrap",
                            "MinStack": 1,
                            "MaxStack": 5
                        }
                    ],
                    "MinutesUntilReady": 720
                },
                "stainedGlass_to_glassShards": {
                    "Id": "stainedGlass_to_glassShards",
                    "Triggers": [
                        {
                            "Id": "ItemPlacedInMachine",
                            "Trigger": "ItemPlacedInMachine",
                            "RequiredItemId": "(O)Lumisteria.MtVapius_Treasures_StainedGlass",
                            "RequiredCount": 1
                        }
                    ],
                    "UseFirstValidOutput": true,
                    "OutputItem": [
                        {
                            "Id": "Glass Shards",
                            "ItemId": "(O)118",
                            "MinStack": 10,
                            "MaxStack": 20
                        }
                    ],
                    "MinutesUntilReady": 720
                },
                "oldShield_to_Iron": {
                    "Id": "oldShield_to_Iron",
                    "Triggers": [
                        {
                            "Id": "ItemPlacedInMachine",
                            "Trigger": "ItemPlacedInMachine",
                            "RequiredItemId": "(O)Lumisteria.MtVapius_Treasures_OldShield",
                            "RequiredCount": 1
                        }
                    ],
                    "UseFirstValidOutput": true,
                    "OutputItem": [
                        {
                            "Id": "Iron",
                            "Condition": "RANDOM 0.4",
                            "ItemId": "(O)380",
                            "MinStack": 10,
                            "MaxStack": 20
                        },
                        {
                            "Id": "RustScrap",
                            "ItemId": "(O)moonslime.Archaeology.rusty_scrap",
                            "MinStack": 5,
                            "MaxStack": 10
                        }
                    ],
                    "MinutesUntilReady": 720
                },
                "medallion_to_gold": {
                    "Id": "medallion_to_gold",
                    "Triggers": [
                        {
                            "Id": "ItemPlacedInMachine",
                            "Trigger": "ItemPlacedInMachine",
                            "RequiredItemId": "(O)Lumisteria.MtVapius_Treasures_Medallion",
                            "RequiredCount": 1
                        }
                    ],
                    "UseFirstValidOutput": true,
                    "OutputItem": [
                        {
                            "Id": "Solar Essence",
                            "Condition": "RANDOM 0.3",
                            "ItemId": "(O)768",
                            "MinStack": 2,
                            "MaxStack": 7
                        },
                        {
                            "Id": "Gold",
                            "ItemId": "(O)384",
                            "MinStack": 2,
                            "MaxStack": 7
                        }
                    ],
                    "MinutesUntilReady": 720
                }
            }
        },
        {
            "Action": "EditData",
            "Target": "Data/Machines",
            "TargetField": [
                "(BC)moonslime.Archaeology.preservation_chamber",
                "OutputRules"
            ],
            "Entries": {
                "moonslime.Archaeology.w_fossilized_starfish" :{
                    "Id": "moonslime.Archaeology.w_fossilized_starfish",
                    "Triggers": [
                        {
                            "Id": "ItemPlacedInMachine",
                            "Trigger": "ItemPlacedInMachine",
                            "RequiredItemId": "(O)Lumisteria.MtVapius_Treasures_FossilisedStarfish",
                            "RequiredCount": 1
                        }
                    ],
                    "UseFirstValidOutput": true,
                    "OutputItem": [
                        {
                            "Id": "moonslime.Archaeology.w_fossilized_starfish",
                            "ItemId": "(O)moonslime.Archaeology.w_fossilized_starfish",
                            "MinStack": 1,
                            "MaxStack": 1,
                            "CopyQuality": true
                        }
                    ],
                    "MinutesUntilReady": 720
                },
                "moonslime.Archaeology.w_fossilised_moth": {
                    "Id": "moonslime.Archaeology.w_fossilised_moth",
                    "Triggers": [
                        {
                            "Id": "ItemPlacedInMachine",
                            "Trigger": "ItemPlacedInMachine",
                            "RequiredItemId": "(O)Lumisteria.MtVapius_Treasures_FossilisedMoth",
                            "RequiredCount": 1
                        }
                    ],
                    "UseFirstValidOutput": true,
                    "OutputItem": [
                        {
                            "Id": "moonslime.Archaeology.w_fossilised_moth",
                            "ItemId": "(O)moonslime.Archaeology.w_fossilised_moth",
                            "MinStack": 1,
                            "MaxStack": 1,
                            "CopyQuality": true
                        }
                    ],
                    "MinutesUntilReady": 720
                },
                "moonslime.Archaeology.w_fossilised_fern": {
                    "Id": "moonslime.Archaeology.w_fossilised_fern",
                    "Triggers": [
                        {
                            "Id": "ItemPlacedInMachine",
                            "Trigger": "ItemPlacedInMachine",
                            "RequiredItemId": "(O)Lumisteria.MtVapius_Treasures_FossilisedFern",
                            "RequiredCount": 1
                        }
                    ],
                    "UseFirstValidOutput": true,
                    "OutputItem": [
                        {
                            "Id": "moonslime.Archaeology.w_fossilised_fern",
                            "ItemId": "(O)moonslime.Archaeology.w_fossilised_fern",
                            "MinStack": 1,
                            "MaxStack": 1,
                            "CopyQuality": true
                        }
                    ],
                    "MinutesUntilReady": 720
                },
                "moonslime.Archaeology.w_fossilised_fish": {
                    "Id": "moonslime.Archaeology.w_fossilised_fish",
                    "Triggers": [
                        {
                            "Id": "ItemPlacedInMachine",
                            "Trigger": "ItemPlacedInMachine",
                            "RequiredItemId": "(O)Lumisteria.MtVapius_Treasures_FossilisedFish",
                            "RequiredCount": 1
                        }
                    ],
                    "UseFirstValidOutput": true,
                    "OutputItem": [
                        {
                            "Id": "moonslime.Archaeology.w_fossilised_fish",
                            "ItemId": "(O)moonslime.Archaeology.w_fossilised_fish",
                            "MinStack": 1,
                            "MaxStack": 1,
                            "CopyQuality": true
                        }
                    ],
                    "MinutesUntilReady": 720
                },
                "moonslime.Archaeology.w_fossilised_ammonites": {
                    "Id": "moonslime.Archaeology.w_fossilised_ammonites",
                    "Triggers": [
                        {
                            "Id": "ItemPlacedInMachine",
                            "Trigger": "ItemPlacedInMachine",
                            "RequiredItemId": "(O)Lumisteria.MtVapius_Treasures_FossilisedAmmonites",
                            "RequiredCount": 1
                        }
                    ],
                    "UseFirstValidOutput": true,
                    "OutputItem": [
                        {
                            "Id": "moonslime.Archaeology.w_fossilised_ammonites",
                            "ItemId": "(O)moonslime.Archaeology.w_fossilised_ammonites",
                            "MinStack": 1,
                            "MaxStack": 1,
                            "CopyQuality": true
                        }
                    ],
                    "MinutesUntilReady": 720
                },
                "moonslime.Archaeology.w_giant_tusk": {
                    "Id": "moonslime.Archaeology.w_giant_tusk",
                    "Triggers": [
                        {
                            "Id": "ItemPlacedInMachine",
                            "Trigger": "ItemPlacedInMachine",
                            "RequiredItemId": "(O)Lumisteria.MtVapius_Treasures_GiantTusk",
                            "RequiredCount": 1
                        }
                    ],
                    "UseFirstValidOutput": true,
                    "OutputItem": [
                        {
                            "Id": "moonslime.Archaeology.w_giant_tusk",
                            "ItemId": "(O)moonslime.Archaeology.w_giant_tusk",
                            "MinStack": 1,
                            "MaxStack": 1,
                            "CopyQuality": true
                        }
                    ],
                    "MinutesUntilReady": 720
                },
                "moonslime.Archaeology.w_broken_watch": {
                    "Id": "moonslime.Archaeology.w_broken_watch",
                    "Triggers": [
                        {
                            "Id": "ItemPlacedInMachine",
                            "Trigger": "ItemPlacedInMachine",
                            "RequiredItemId": "(O)Lumisteria.MtVapius_Treasures_BrokenWatch",
                            "RequiredCount": 1
                        }
                    ],
                    "UseFirstValidOutput": true,
                    "OutputItem": [
                        {
                            "Id": "moonslime.Archaeology.w_broken_watch",
                            "ItemId": "(O)moonslime.Archaeology.w_broken_watch",
                            "MinStack": 1,
                            "MaxStack": 1,
                            "CopyQuality": true
                        }
                    ],
                    "MinutesUntilReady": 720
                },
                "moonslime.Archaeology.w_broken_tea_cup": {
                    "Id": "moonslime.Archaeology.w_broken_tea_cup",
                    "Triggers": [
                        {
                            "Id": "ItemPlacedInMachine",
                            "Trigger": "ItemPlacedInMachine",
                            "RequiredItemId": "(O)Lumisteria.MtVapius_Treasures_BrokenTeaCup",
                            "RequiredCount": 1
                        }
                    ],
                    "UseFirstValidOutput": true,
                    "OutputItem": [
                        {
                            "Id": "moonslime.Archaeology.w_broken_tea_cup",
                            "ItemId": "(O)moonslime.Archaeology.w_broken_tea_cup",
                            "MinStack": 1,
                            "MaxStack": 1,
                            "CopyQuality": true
                        }
                    ],
                    "MinutesUntilReady": 720
                },
                "moonslime.Archaeology.w_efficient_cog": {
                    "Id": "moonslime.Archaeology.w_efficient_cog",
                    "Triggers": [
                        {
                            "Id": "ItemPlacedInMachine",
                            "Trigger": "ItemPlacedInMachine",
                            "RequiredItemId": "(O)Lumisteria.MtVapius_Treasures_EfficientCog",
                            "RequiredCount": 1
                        }
                    ],
                    "UseFirstValidOutput": true,
                    "OutputItem": [
                        {
                            "Id": "moonslime.Archaeology.w_efficient_cog",
                            "ItemId": "(O)moonslime.Archaeology.w_efficient_cog",
                            "MinStack": 1,
                            "MaxStack": 1,
                            "CopyQuality": true
                        }
                    ],
                    "MinutesUntilReady": 720
                },
                "moonslime.Archaeology.w_dwarvish_device": {
                    "Id": "moonslime.Archaeology.w_dwarvish_device",
                    "Triggers": [
                        {
                            "Id": "ItemPlacedInMachine",
                            "Trigger": "ItemPlacedInMachine",
                            "RequiredItemId": "(O)Lumisteria.MtVapius_Treasures_DwarvishDevice",
                            "RequiredCount": 1
                        }
                    ],
                    "UseFirstValidOutput": true,
                    "OutputItem": [
                        {
                            "Id": "moonslime.Archaeology.w_dwarvish_device",
                            "ItemId": "(O)moonslime.Archaeology.w_dwarvish_device",
                            "MinStack": 1,
                            "MaxStack": 1,
                            "CopyQuality": true
                        }
                    ],
                    "MinutesUntilReady": 720
                },
                "moonslime.Archaeology.w_rusty_chest": {
                    "Id": "moonslime.Archaeology.w_rusty_chest",
                    "Triggers": [
                        {
                            "Id": "ItemPlacedInMachine",
                            "Trigger": "ItemPlacedInMachine",
                            "RequiredItemId": "(O)Lumisteria.MtVapius_Treasures_RustyChest",
                            "RequiredCount": 1
                        }
                    ],
                    "UseFirstValidOutput": true,
                    "OutputItem": [
                        {
                            "Id": "moonslime.Archaeology.w_rusty_chest",
                            "ItemId": "(O)moonslime.Archaeology.w_rusty_chest",
                            "MinStack": 1,
                            "MaxStack": 1,
                            "CopyQuality": true
                        }
                    ],
                    "MinutesUntilReady": 720
                },
                "moonslime.Archaeology.w_petrified_flower": {
                    "Id": "moonslime.Archaeology.w_petrified_flower",
                    "Triggers": [
                        {
                            "Id": "ItemPlacedInMachine",
                            "Trigger": "ItemPlacedInMachine",
                            "RequiredItemId": "(O)Lumisteria.MtVapius_Treasures_PetrifiedFlower",
                            "RequiredCount": 1
                        }
                    ],
                    "UseFirstValidOutput": true,
                    "OutputItem": [
                        {
                            "Id": "moonslime.Archaeology.w_petrified_flower",
                            "ItemId": "(O)moonslime.Archaeology.w_petrified_flower",
                            "MinStack": 1,
                            "MaxStack": 1,
                            "CopyQuality": true
                        }
                    ],
                    "MinutesUntilReady": 720
                },
                "moonslime.Archaeology.w_railroad_nail": {
                    "Id": "moonslime.Archaeology.w_railroad_nail",
                    "Triggers": [
                        {
                            "Id": "ItemPlacedInMachine",
                            "Trigger": "ItemPlacedInMachine",
                            "RequiredItemId": "(O)Lumisteria.MtVapius_Treasures_RailroadNail",
                            "RequiredCount": 1
                        }
                    ],
                    "UseFirstValidOutput": true,
                    "OutputItem": [
                        {
                            "Id": "moonslime.Archaeology.w_railroad_nail",
                            "ItemId": "(O)moonslime.Archaeology.w_railroad_nail",
                            "MinStack": 1,
                            "MaxStack": 1,
                            "CopyQuality": true
                        }
                    ],
                    "MinutesUntilReady": 720
                },
                "moonslime.Archaeology.w_dahu_statuette": {
                    "Id": "moonslime.Archaeology.w_dahu_statuette",
                    "Triggers": [
                        {
                            "Id": "ItemPlacedInMachine",
                            "Trigger": "ItemPlacedInMachine",
                            "RequiredItemId": "(O)Lumisteria.MtVapius_Treasures_DahuStatuette",
                            "RequiredCount": 1
                        }
                    ],
                    "UseFirstValidOutput": true,
                    "OutputItem": [
                        {
                            "Id": "moonslime.Archaeology.w_dahu_statuette",
                            "ItemId": "(O)moonslime.Archaeology.w_dahu_statuette",
                            "MinStack": 1,
                            "MaxStack": 1,
                            "CopyQuality": true
                        }
                    ],
                    "MinutesUntilReady": 720
                },
                "moonslime.Archaeology.w_faience_plate": {
                    "Id": "moonslime.Archaeology.w_faience_plate",
                    "Triggers": [
                        {
                            "Id": "ItemPlacedInMachine",
                            "Trigger": "ItemPlacedInMachine",
                            "RequiredItemId": "(O)Lumisteria.MtVapius_Treasures_FaiencePlate",
                            "RequiredCount": 1
                        }
                    ],
                    "UseFirstValidOutput": true,
                    "OutputItem": [
                        {
                            "Id": "moonslime.Archaeology.w_faience_plate",
                            "ItemId": "(O)moonslime.Archaeology.w_faience_plate",
                            "MinStack": 1,
                            "MaxStack": 1,
                            "CopyQuality": true
                        }
                    ],
                    "MinutesUntilReady": 720
                },
                "moonslime.Archaeology.w_copper_fibula": {
                    "Id": "moonslime.Archaeology.w_copper_fibula",
                    "Triggers": [
                        {
                            "Id": "ItemPlacedInMachine",
                            "Trigger": "ItemPlacedInMachine",
                            "RequiredItemId": "(O)Lumisteria.MtVapius_Treasures_CopperFibula",
                            "RequiredCount": 1
                        }
                    ],
                    "UseFirstValidOutput": true,
                    "OutputItem": [
                        {
                            "Id": "moonslime.Archaeology.w_copper_fibula",
                            "ItemId": "(O)moonslime.Archaeology.w_copper_fibula",
                            "MinStack": 1,
                            "MaxStack": 1,
                            "CopyQuality": true
                        }
                    ],
                    "MinutesUntilReady": 720
                },
                "moonslime.Archaeology.w_glassb_bowl": {
                    "Id": "moonslime.Archaeology.w_glassb_bowl",
                    "Triggers": [
                        {
                            "Id": "ItemPlacedInMachine",
                            "Trigger": "ItemPlacedInMachine",
                            "RequiredItemId": "(O)Lumisteria.MtVapius_Treasures_GlassBowl",
                            "RequiredCount": 1
                        }
                    ],
                    "UseFirstValidOutput": true,
                    "OutputItem": [
                        {
                            "Id": "moonslime.Archaeology.w_glassb_bowl",
                            "ItemId": "(O)moonslime.Archaeology.w_glassb_bowl",
                            "MinStack": 1,
                            "MaxStack": 1,
                            "CopyQuality": true
                        }
                    ],
                    "MinutesUntilReady": 720
                },
                "moonslime.Archaeology.w_fragment_mask": {
                    "Id": "moonslime.Archaeology.w_fragment_mask",
                    "Triggers": [
                        {
                            "Id": "ItemPlacedInMachine",
                            "Trigger": "ItemPlacedInMachine",
                            "RequiredItemId": "(O)Lumisteria.MtVapius_Treasures_FragmentMask",
                            "RequiredCount": 1
                        }
                    ],
                    "UseFirstValidOutput": true,
                    "OutputItem": [
                        {
                            "Id": "moonslime.Archaeology.w_fragment_mask",
                            "ItemId": "(O)moonslime.Archaeology.w_fragment_mask",
                            "MinStack": 1,
                            "MaxStack": 1,
                            "CopyQuality": true
                        }
                    ],
                    "MinutesUntilReady": 720
                },
                "moonslime.Archaeology.w_old_miner_lamp": {
                    "Id": "moonslime.Archaeology.w_old_miner_lamp",
                    "Triggers": [
                        {
                            "Id": "ItemPlacedInMachine",
                            "Trigger": "ItemPlacedInMachine",
                            "RequiredItemId": "(O)Lumisteria.MtVapius_Treasures_OldMinerLamp",
                            "RequiredCount": 1
                        }
                    ],
                    "UseFirstValidOutput": true,
                    "OutputItem": [
                        {
                            "Id": "moonslime.Archaeology.w_old_miner_lamp",
                            "ItemId": "(O)moonslime.Archaeology.w_old_miner_lamp",
                            "MinStack": 1,
                            "MaxStack": 1,
                            "CopyQuality": true
                        }
                    ],
                    "MinutesUntilReady": 720
                },
                "moonslime.Archaeology.w_rusty_ring": {
                    "Id": "moonslime.Archaeology.w_rusty_ring",
                    "Triggers": [
                        {
                            "Id": "ItemPlacedInMachine",
                            "Trigger": "ItemPlacedInMachine",
                            "RequiredItemId": "(O)Lumisteria.MtVapius_Treasures_RustyRing",
                            "RequiredCount": 1
                        }
                    ],
                    "UseFirstValidOutput": true,
                    "OutputItem": [
                        {
                            "Id": "moonslime.Archaeology.w_rusty_ring",
                            "ItemId": "(O)moonslime.Archaeology.w_rusty_ring",
                            "MinStack": 1,
                            "MaxStack": 1,
                            "CopyQuality": true
                        }
                    ],
                    "MinutesUntilReady": 720
                },
                "moonslime.Archaeology.w_stained_glass": {
                    "Id": "moonslime.Archaeology.w_stained_glass",
                    "Triggers": [
                        {
                            "Id": "ItemPlacedInMachine",
                            "Trigger": "ItemPlacedInMachine",
                            "RequiredItemId": "(O)Lumisteria.MtVapius_Treasures_StainedGlass",
                            "RequiredCount": 1
                        }
                    ],
                    "UseFirstValidOutput": true,
                    "OutputItem": [
                        {
                            "Id": "moonslime.Archaeology.w_stained_glass",
                            "ItemId": "(O)moonslime.Archaeology.w_stained_glass",
                            "MinStack": 1,
                            "MaxStack": 1,
                            "CopyQuality": true
                        }
                    ],
                    "MinutesUntilReady": 720
                },
                "moonslime.Archaeology.w_blue_cameo": {
                    "Id": "moonslime.Archaeology.w_blue_cameo",
                    "Triggers": [
                        {
                            "Id": "ItemPlacedInMachine",
                            "Trigger": "ItemPlacedInMachine",
                            "RequiredItemId": "(O)Lumisteria.MtVapius_Treasures_BlueCameo",
                            "RequiredCount": 1
                        }
                    ],
                    "UseFirstValidOutput": true,
                    "OutputItem": [
                        {
                            "Id": "moonslime.Archaeology.w_blue_cameo",
                            "ItemId": "(O)moonslime.Archaeology.w_blue_cameo",
                            "MinStack": 1,
                            "MaxStack": 1,
                            "CopyQuality": true
                        }
                    ],
                    "MinutesUntilReady": 720
                },
                "moonslime.Archaeology.w_broken_sundial": {
                    "Id": "moonslime.Archaeology.w_broken_sundial",
                    "Triggers": [
                        {
                            "Id": "ItemPlacedInMachine",
                            "Trigger": "ItemPlacedInMachine",
                            "RequiredItemId": "(O)Lumisteria.MtVapius_Treasures_BrokenSundial",
                            "RequiredCount": 1
                        }
                    ],
                    "UseFirstValidOutput": true,
                    "OutputItem": [
                        {
                            "Id": "moonslime.Archaeology.w_broken_sundial",
                            "ItemId": "(O)moonslime.Archaeology.w_broken_sundial",
                            "MinStack": 1,
                            "MaxStack": 1,
                            "CopyQuality": true
                        }
                    ],
                    "MinutesUntilReady": 720
                },
                "moonslime.Archaeology.w_old_shield": {
                    "Id": "moonslime.Archaeology.w_old_shield",
                    "Triggers": [
                        {
                            "Id": "ItemPlacedInMachine",
                            "Trigger": "ItemPlacedInMachine",
                            "RequiredItemId": "(O)Lumisteria.MtVapius_Treasures_OldShield",
                            "RequiredCount": 1
                        }
                    ],
                    "UseFirstValidOutput": true,
                    "OutputItem": [
                        {
                            "Id": "moonslime.Archaeology.w_old_shield",
                            "ItemId": "(O)moonslime.Archaeology.w_old_shield",
                            "MinStack": 1,
                            "MaxStack": 1,
                            "CopyQuality": true
                        }
                    ],
                    "MinutesUntilReady": 720
                },
                "moonslime.Archaeology.w_fragment_of_fossil_I": {
                    "Id": "moonslime.Archaeology.w_fragment_of_fossil_I",
                    "Triggers": [
                        {
                            "Id": "ItemPlacedInMachine",
                            "Trigger": "ItemPlacedInMachine",
                            "RequiredItemId": "(O)Lumisteria.MtVapius_Treasures_FossilFragment01",
                            "RequiredCount": 1
                        }
                    ],
                    "UseFirstValidOutput": true,
                    "OutputItem": [
                        {
                            "Id": "moonslime.Archaeology.w_fragment_of_fossil_I",
                            "ItemId": "(O)moonslime.Archaeology.w_fragment_of_fossil_I",
                            "MinStack": 1,
                            "MaxStack": 1,
                            "CopyQuality": true
                        }
                    ],
                    "MinutesUntilReady": 720
                },
                "moonslime.Archaeology.w_fragment_of_fossil_II": {
                    "Id": "moonslime.Archaeology.w_fragment_of_fossil_II",
                    "Triggers": [
                        {
                            "Id": "ItemPlacedInMachine",
                            "Trigger": "ItemPlacedInMachine",
                            "RequiredItemId": "(O)Lumisteria.MtVapius_Treasures_FossilFragment02",
                            "RequiredCount": 1
                        }
                    ],
                    "UseFirstValidOutput": true,
                    "OutputItem": [
                        {
                            "Id": "moonslime.Archaeology.w_fragment_of_fossil_II",
                            "ItemId": "(O)moonslime.Archaeology.w_fragment_of_fossil_II",
                            "MinStack": 1,
                            "MaxStack": 1,
                            "CopyQuality": true
                        }
                    ],
                    "MinutesUntilReady": 720
                },
                "moonslime.Archaeology.w_fragment_of_fossil_III": {
                    "Id": "moonslime.Archaeology.w_fragment_of_fossil_III",
                    "Triggers": [
                        {
                            "Id": "ItemPlacedInMachine",
                            "Trigger": "ItemPlacedInMachine",
                            "RequiredItemId": "(O)Lumisteria.MtVapius_Treasures_FossilFragment03",
                            "RequiredCount": 1
                        }
                    ],
                    "UseFirstValidOutput": true,
                    "OutputItem": [
                        {
                            "Id": "moonslime.Archaeology.w_fragment_of_fossil_III",
                            "ItemId": "(O)moonslime.Archaeology.w_fragment_of_fossil_III",
                            "MinStack": 1,
                            "MaxStack": 1,
                            "CopyQuality": true
                        }
                    ],
                    "MinutesUntilReady": 720
                },
                "moonslime.Archaeology.w_rare_stamp": {
                    "Id": "moonslime.Archaeology.w_rare_stamp",
                    "Triggers": [
                        {
                            "Id": "ItemPlacedInMachine",
                            "Trigger": "ItemPlacedInMachine",
                            "RequiredItemId": "(O)Lumisteria.MtVapius_Treasures_RareStamp",
                            "RequiredCount": 1
                        }
                    ],
                    "UseFirstValidOutput": true,
                    "OutputItem": [
                        {
                            "Id": "moonslime.Archaeology.w_rare_stamp",
                            "ItemId": "(O)moonslime.Archaeology.w_rare_stamp",
                            "MinStack": 1,
                            "MaxStack": 1,
                            "CopyQuality": true
                        }
                    ],
                    "MinutesUntilReady": 720
                },
                "moonslime.Archaeology.w_medallion": {
                    "Id": "moonslime.Archaeology.w_medallion",
                    "Triggers": [
                        {
                            "Id": "ItemPlacedInMachine",
                            "Trigger": "ItemPlacedInMachine",
                            "RequiredItemId": "(O)Lumisteria.MtVapius_Treasures_Medallion",
                            "RequiredCount": 1
                        }
                    ],
                    "UseFirstValidOutput": true,
                    "OutputItem": [
                        {
                            "Id": "moonslime.Archaeology.w_medallion",
                            "ItemId": "(O)moonslime.Archaeology.w_medallion",
                            "MinStack": 1,
                            "MaxStack": 1,
                            "CopyQuality": true
                        }
                    ],
                    "MinutesUntilReady": 720
                },
                "moonslime.Archaeology.w_cyanotype": {
                    "Id": "moonslime.Archaeology.w_cyanotype",
                    "Triggers": [
                        {
                            "Id": "ItemPlacedInMachine",
                            "Trigger": "ItemPlacedInMachine",
                            "RequiredItemId": "(O)Lumisteria.MtVapius_Treasures_Cyanotype",
                            "RequiredCount": 1
                        }
                    ],
                    "UseFirstValidOutput": true,
                    "OutputItem": [
                        {
                            "Id": "moonslime.Archaeology.w_cyanotype",
                            "ItemId": "(O)moonslime.Archaeology.w_cyanotype",
                            "MinStack": 1,
                            "MaxStack": 1,
                            "CopyQuality": true
                        }
                    ],
                    "MinutesUntilReady": 720
                }
            }
        },
        {
            "Action": "EditData",
            "Target": "Data/Machines",
            "TargetField": [
                "(BC)moonslime.Archaeology.h_preservation_chamber",
                "OutputRules"
            ],
            "Entries": {
                "moonslime.Archaeology.h_fossilized_starfish" :{
                    "Id": "moonslime.Archaeology.h_fossilized_starfish",
                    "Triggers": [
                        {
                            "Id": "ItemPlacedInMachine",
                            "Trigger": "ItemPlacedInMachine",
                            "RequiredItemId": "(O)Lumisteria.MtVapius_Treasures_FossilisedStarfish",
                            "RequiredCount": 1
                        }
                    ],
                    "UseFirstValidOutput": true,
                    "OutputItem": [
                        {
                            "Id": "moonslime.Archaeology.h_fossilized_starfish",
                            "ItemId": "(O)moonslime.Archaeology.h_fossilized_starfish",
                            "MinStack": 1,
                            "MaxStack": 1,
                            "CopyQuality": true
                        }
                    ],
                    "MinutesUntilReady": 720
                },
                "moonslime.Archaeology.h_fossilised_moth": {
                    "Id": "moonslime.Archaeology.h_fossilised_moth",
                    "Triggers": [
                        {
                            "Id": "ItemPlacedInMachine",
                            "Trigger": "ItemPlacedInMachine",
                            "RequiredItemId": "(O)Lumisteria.MtVapius_Treasures_FossilisedMoth",
                            "RequiredCount": 1
                        }
                    ],
                    "UseFirstValidOutput": true,
                    "OutputItem": [
                        {
                            "Id": "moonslime.Archaeology.h_fossilised_moth",
                            "ItemId": "(O)moonslime.Archaeology.h_fossilised_moth",
                            "MinStack": 1,
                            "MaxStack": 1,
                            "CopyQuality": true
                        }
                    ],
                    "MinutesUntilReady": 720
                },
                "moonslime.Archaeology.h_fossilised_fern": {
                    "Id": "moonslime.Archaeology.h_fossilised_fern",
                    "Triggers": [
                        {
                            "Id": "ItemPlacedInMachine",
                            "Trigger": "ItemPlacedInMachine",
                            "RequiredItemId": "(O)Lumisteria.MtVapius_Treasures_FossilisedFern",
                            "RequiredCount": 1
                        }
                    ],
                    "UseFirstValidOutput": true,
                    "OutputItem": [
                        {
                            "Id": "moonslime.Archaeology.h_fossilised_fern",
                            "ItemId": "(O)moonslime.Archaeology.h_fossilised_fern",
                            "MinStack": 1,
                            "MaxStack": 1,
                            "CopyQuality": true
                        }
                    ],
                    "MinutesUntilReady": 720
                },
                "moonslime.Archaeology.h_fossilised_fish": {
                    "Id": "moonslime.Archaeology.h_fossilised_fish",
                    "Triggers": [
                        {
                            "Id": "ItemPlacedInMachine",
                            "Trigger": "ItemPlacedInMachine",
                            "RequiredItemId": "(O)Lumisteria.MtVapius_Treasures_FossilisedFish",
                            "RequiredCount": 1
                        }
                    ],
                    "UseFirstValidOutput": true,
                    "OutputItem": [
                        {
                            "Id": "moonslime.Archaeology.h_fossilised_fish",
                            "ItemId": "(O)moonslime.Archaeology.h_fossilised_fish",
                            "MinStack": 1,
                            "MaxStack": 1,
                            "CopyQuality": true
                        }
                    ],
                    "MinutesUntilReady": 720
                },
                "moonslime.Archaeology.h_fossilised_ammonites": {
                    "Id": "moonslime.Archaeology.h_fossilised_ammonites",
                    "Triggers": [
                        {
                            "Id": "ItemPlacedInMachine",
                            "Trigger": "ItemPlacedInMachine",
                            "RequiredItemId": "(O)Lumisteria.MtVapius_Treasures_FossilisedAmmonites",
                            "RequiredCount": 1
                        }
                    ],
                    "UseFirstValidOutput": true,
                    "OutputItem": [
                        {
                            "Id": "moonslime.Archaeology.h_fossilised_ammonites",
                            "ItemId": "(O)moonslime.Archaeology.h_fossilised_ammonites",
                            "MinStack": 1,
                            "MaxStack": 1,
                            "CopyQuality": true
                        }
                    ],
                    "MinutesUntilReady": 720
                },
                "moonslime.Archaeology.h_giant_tusk": {
                    "Id": "moonslime.Archaeology.h_giant_tusk",
                    "Triggers": [
                        {
                            "Id": "ItemPlacedInMachine",
                            "Trigger": "ItemPlacedInMachine",
                            "RequiredItemId": "(O)Lumisteria.MtVapius_Treasures_GiantTusk",
                            "RequiredCount": 1
                        }
                    ],
                    "UseFirstValidOutput": true,
                    "OutputItem": [
                        {
                            "Id": "moonslime.Archaeology.h_giant_tusk",
                            "ItemId": "(O)moonslime.Archaeology.h_giant_tusk",
                            "MinStack": 1,
                            "MaxStack": 1,
                            "CopyQuality": true
                        }
                    ],
                    "MinutesUntilReady": 720
                },
                "moonslime.Archaeology.h_broken_watch": {
                    "Id": "moonslime.Archaeology.h_broken_watch",
                    "Triggers": [
                        {
                            "Id": "ItemPlacedInMachine",
                            "Trigger": "ItemPlacedInMachine",
                            "RequiredItemId": "(O)Lumisteria.MtVapius_Treasures_BrokenWatch",
                            "RequiredCount": 1
                        }
                    ],
                    "UseFirstValidOutput": true,
                    "OutputItem": [
                        {
                            "Id": "moonslime.Archaeology.h_broken_watch",
                            "ItemId": "(O)moonslime.Archaeology.h_broken_watch",
                            "MinStack": 1,
                            "MaxStack": 1,
                            "CopyQuality": true
                        }
                    ],
                    "MinutesUntilReady": 720
                },
                "moonslime.Archaeology.h_broken_tea_cup": {
                    "Id": "moonslime.Archaeology.h_broken_tea_cup",
                    "Triggers": [
                        {
                            "Id": "ItemPlacedInMachine",
                            "Trigger": "ItemPlacedInMachine",
                            "RequiredItemId": "(O)Lumisteria.MtVapius_Treasures_BrokenTeaCup",
                            "RequiredCount": 1
                        }
                    ],
                    "UseFirstValidOutput": true,
                    "OutputItem": [
                        {
                            "Id": "moonslime.Archaeology.h_broken_tea_cup",
                            "ItemId": "(O)moonslime.Archaeology.h_broken_tea_cup",
                            "MinStack": 1,
                            "MaxStack": 1,
                            "CopyQuality": true
                        }
                    ],
                    "MinutesUntilReady": 720
                },
                "moonslime.Archaeology.h_efficient_cog": {
                    "Id": "moonslime.Archaeology.h_efficient_cog",
                    "Triggers": [
                        {
                            "Id": "ItemPlacedInMachine",
                            "Trigger": "ItemPlacedInMachine",
                            "RequiredItemId": "(O)Lumisteria.MtVapius_Treasures_EfficientCog",
                            "RequiredCount": 1
                        }
                    ],
                    "UseFirstValidOutput": true,
                    "OutputItem": [
                        {
                            "Id": "moonslime.Archaeology.h_efficient_cog",
                            "ItemId": "(O)moonslime.Archaeology.h_efficient_cog",
                            "MinStack": 1,
                            "MaxStack": 1,
                            "CopyQuality": true
                        }
                    ],
                    "MinutesUntilReady": 720
                },
                "moonslime.Archaeology.h_dwarvish_device": {
                    "Id": "moonslime.Archaeology.h_dwarvish_device",
                    "Triggers": [
                        {
                            "Id": "ItemPlacedInMachine",
                            "Trigger": "ItemPlacedInMachine",
                            "RequiredItemId": "(O)Lumisteria.MtVapius_Treasures_DwarvishDevice",
                            "RequiredCount": 1
                        }
                    ],
                    "UseFirstValidOutput": true,
                    "OutputItem": [
                        {
                            "Id": "moonslime.Archaeology.h_dwarvish_device",
                            "ItemId": "(O)moonslime.Archaeology.h_dwarvish_device",
                            "MinStack": 1,
                            "MaxStack": 1,
                            "CopyQuality": true
                        }
                    ],
                    "MinutesUntilReady": 720
                },
                "moonslime.Archaeology.h_rusty_chest": {
                    "Id": "moonslime.Archaeology.h_rusty_chest",
                    "Triggers": [
                        {
                            "Id": "ItemPlacedInMachine",
                            "Trigger": "ItemPlacedInMachine",
                            "RequiredItemId": "(O)Lumisteria.MtVapius_Treasures_RustyChest",
                            "RequiredCount": 1
                        }
                    ],
                    "UseFirstValidOutput": true,
                    "OutputItem": [
                        {
                            "Id": "moonslime.Archaeology.h_rusty_chest",
                            "ItemId": "(O)moonslime.Archaeology.h_rusty_chest",
                            "MinStack": 1,
                            "MaxStack": 1,
                            "CopyQuality": true
                        }
                    ],
                    "MinutesUntilReady": 720
                },
                "moonslime.Archaeology.h_petrified_flower": {
                    "Id": "moonslime.Archaeology.h_petrified_flower",
                    "Triggers": [
                        {
                            "Id": "ItemPlacedInMachine",
                            "Trigger": "ItemPlacedInMachine",
                            "RequiredItemId": "(O)Lumisteria.MtVapius_Treasures_PetrifiedFlower",
                            "RequiredCount": 1
                        }
                    ],
                    "UseFirstValidOutput": true,
                    "OutputItem": [
                        {
                            "Id": "moonslime.Archaeology.h_petrified_flower",
                            "ItemId": "(O)moonslime.Archaeology.h_petrified_flower",
                            "MinStack": 1,
                            "MaxStack": 1,
                            "CopyQuality": true
                        }
                    ],
                    "MinutesUntilReady": 720
                },
                "moonslime.Archaeology.h_railroad_nail": {
                    "Id": "moonslime.Archaeology.h_railroad_nail",
                    "Triggers": [
                        {
                            "Id": "ItemPlacedInMachine",
                            "Trigger": "ItemPlacedInMachine",
                            "RequiredItemId": "(O)Lumisteria.MtVapius_Treasures_RailroadNail",
                            "RequiredCount": 1
                        }
                    ],
                    "UseFirstValidOutput": true,
                    "OutputItem": [
                        {
                            "Id": "moonslime.Archaeology.h_railroad_nail",
                            "ItemId": "(O)moonslime.Archaeology.h_railroad_nail",
                            "MinStack": 1,
                            "MaxStack": 1,
                            "CopyQuality": true
                        }
                    ],
                    "MinutesUntilReady": 720
                },
                "moonslime.Archaeology.h_dahu_statuette": {
                    "Id": "moonslime.Archaeology.h_dahu_statuette",
                    "Triggers": [
                        {
                            "Id": "ItemPlacedInMachine",
                            "Trigger": "ItemPlacedInMachine",
                            "RequiredItemId": "(O)Lumisteria.MtVapius_Treasures_DahuStatuette",
                            "RequiredCount": 1
                        }
                    ],
                    "UseFirstValidOutput": true,
                    "OutputItem": [
                        {
                            "Id": "moonslime.Archaeology.h_dahu_statuette",
                            "ItemId": "(O)moonslime.Archaeology.h_dahu_statuette",
                            "MinStack": 1,
                            "MaxStack": 1,
                            "CopyQuality": true
                        }
                    ],
                    "MinutesUntilReady": 720
                },
                "moonslime.Archaeology.h_faience_plate": {
                    "Id": "moonslime.Archaeology.h_faience_plate",
                    "Triggers": [
                        {
                            "Id": "ItemPlacedInMachine",
                            "Trigger": "ItemPlacedInMachine",
                            "RequiredItemId": "(O)Lumisteria.MtVapius_Treasures_FaiencePlate",
                            "RequiredCount": 1
                        }
                    ],
                    "UseFirstValidOutput": true,
                    "OutputItem": [
                        {
                            "Id": "moonslime.Archaeology.h_faience_plate",
                            "ItemId": "(O)moonslime.Archaeology.h_faience_plate",
                            "MinStack": 1,
                            "MaxStack": 1,
                            "CopyQuality": true
                        }
                    ],
                    "MinutesUntilReady": 720
                },
                "moonslime.Archaeology.h_copper_fibula": {
                    "Id": "moonslime.Archaeology.h_copper_fibula",
                    "Triggers": [
                        {
                            "Id": "ItemPlacedInMachine",
                            "Trigger": "ItemPlacedInMachine",
                            "RequiredItemId": "(O)Lumisteria.MtVapius_Treasures_CopperFibula",
                            "RequiredCount": 1
                        }
                    ],
                    "UseFirstValidOutput": true,
                    "OutputItem": [
                        {
                            "Id": "moonslime.Archaeology.h_copper_fibula",
                            "ItemId": "(O)moonslime.Archaeology.h_copper_fibula",
                            "MinStack": 1,
                            "MaxStack": 1,
                            "CopyQuality": true
                        }
                    ],
                    "MinutesUntilReady": 720
                },
                "moonslime.Archaeology.h_glassb_bowl": {
                    "Id": "moonslime.Archaeology.h_glassb_bowl",
                    "Triggers": [
                        {
                            "Id": "ItemPlacedInMachine",
                            "Trigger": "ItemPlacedInMachine",
                            "RequiredItemId": "(O)Lumisteria.MtVapius_Treasures_GlassBowl",
                            "RequiredCount": 1
                        }
                    ],
                    "UseFirstValidOutput": true,
                    "OutputItem": [
                        {
                            "Id": "moonslime.Archaeology.h_glassb_bowl",
                            "ItemId": "(O)moonslime.Archaeology.h_glassb_bowl",
                            "MinStack": 1,
                            "MaxStack": 1,
                            "CopyQuality": true
                        }
                    ],
                    "MinutesUntilReady": 720
                },
                "moonslime.Archaeology.h_fragment_mask": {
                    "Id": "moonslime.Archaeology.h_fragment_mask",
                    "Triggers": [
                        {
                            "Id": "ItemPlacedInMachine",
                            "Trigger": "ItemPlacedInMachine",
                            "RequiredItemId": "(O)Lumisteria.MtVapius_Treasures_FragmentMask",
                            "RequiredCount": 1
                        }
                    ],
                    "UseFirstValidOutput": true,
                    "OutputItem": [
                        {
                            "Id": "moonslime.Archaeology.h_fragment_mask",
                            "ItemId": "(O)moonslime.Archaeology.h_fragment_mask",
                            "MinStack": 1,
                            "MaxStack": 1,
                            "CopyQuality": true
                        }
                    ],
                    "MinutesUntilReady": 720
                },
                "moonslime.Archaeology.h_old_miner_lamp": {
                    "Id": "moonslime.Archaeology.h_old_miner_lamp",
                    "Triggers": [
                        {
                            "Id": "ItemPlacedInMachine",
                            "Trigger": "ItemPlacedInMachine",
                            "RequiredItemId": "(O)Lumisteria.MtVapius_Treasures_OldMinerLamp",
                            "RequiredCount": 1
                        }
                    ],
                    "UseFirstValidOutput": true,
                    "OutputItem": [
                        {
                            "Id": "moonslime.Archaeology.h_old_miner_lamp",
                            "ItemId": "(O)moonslime.Archaeology.h_old_miner_lamp",
                            "MinStack": 1,
                            "MaxStack": 1,
                            "CopyQuality": true
                        }
                    ],
                    "MinutesUntilReady": 720
                },
                "moonslime.Archaeology.h_rusty_ring": {
                    "Id": "moonslime.Archaeology.h_rusty_ring",
                    "Triggers": [
                        {
                            "Id": "ItemPlacedInMachine",
                            "Trigger": "ItemPlacedInMachine",
                            "RequiredItemId": "(O)Lumisteria.MtVapius_Treasures_RustyRing",
                            "RequiredCount": 1
                        }
                    ],
                    "UseFirstValidOutput": true,
                    "OutputItem": [
                        {
                            "Id": "moonslime.Archaeology.h_rusty_ring",
                            "ItemId": "(O)moonslime.Archaeology.h_rusty_ring",
                            "MinStack": 1,
                            "MaxStack": 1,
                            "CopyQuality": true
                        }
                    ],
                    "MinutesUntilReady": 720
                },
                "moonslime.Archaeology.h_stained_glass": {
                    "Id": "moonslime.Archaeology.h_stained_glass",
                    "Triggers": [
                        {
                            "Id": "ItemPlacedInMachine",
                            "Trigger": "ItemPlacedInMachine",
                            "RequiredItemId": "(O)Lumisteria.MtVapius_Treasures_StainedGlass",
                            "RequiredCount": 1
                        }
                    ],
                    "UseFirstValidOutput": true,
                    "OutputItem": [
                        {
                            "Id": "moonslime.Archaeology.h_stained_glass",
                            "ItemId": "(O)moonslime.Archaeology.h_stained_glass",
                            "MinStack": 1,
                            "MaxStack": 1,
                            "CopyQuality": true
                        }
                    ],
                    "MinutesUntilReady": 720
                },
                "moonslime.Archaeology.h_blue_cameo": {
                    "Id": "moonslime.Archaeology.h_blue_cameo",
                    "Triggers": [
                        {
                            "Id": "ItemPlacedInMachine",
                            "Trigger": "ItemPlacedInMachine",
                            "RequiredItemId": "(O)Lumisteria.MtVapius_Treasures_BlueCameo",
                            "RequiredCount": 1
                        }
                    ],
                    "UseFirstValidOutput": true,
                    "OutputItem": [
                        {
                            "Id": "moonslime.Archaeology.h_blue_cameo",
                            "ItemId": "(O)moonslime.Archaeology.h_blue_cameo",
                            "MinStack": 1,
                            "MaxStack": 1,
                            "CopyQuality": true
                        }
                    ],
                    "MinutesUntilReady": 720
                },
                "moonslime.Archaeology.h_broken_sundial": {
                    "Id": "moonslime.Archaeology.h_broken_sundial",
                    "Triggers": [
                        {
                            "Id": "ItemPlacedInMachine",
                            "Trigger": "ItemPlacedInMachine",
                            "RequiredItemId": "(O)Lumisteria.MtVapius_Treasures_BrokenSundial",
                            "RequiredCount": 1
                        }
                    ],
                    "UseFirstValidOutput": true,
                    "OutputItem": [
                        {
                            "Id": "moonslime.Archaeology.h_broken_sundial",
                            "ItemId": "(O)moonslime.Archaeology.h_broken_sundial",
                            "MinStack": 1,
                            "MaxStack": 1,
                            "CopyQuality": true
                        }
                    ],
                    "MinutesUntilReady": 720
                },
                "moonslime.Archaeology.h_old_shield": {
                    "Id": "moonslime.Archaeology.h_old_shield",
                    "Triggers": [
                        {
                            "Id": "ItemPlacedInMachine",
                            "Trigger": "ItemPlacedInMachine",
                            "RequiredItemId": "(O)Lumisteria.MtVapius_Treasures_OldShield",
                            "RequiredCount": 1
                        }
                    ],
                    "UseFirstValidOutput": true,
                    "OutputItem": [
                        {
                            "Id": "moonslime.Archaeology.h_old_shield",
                            "ItemId": "(O)moonslime.Archaeology.h_old_shield",
                            "MinStack": 1,
                            "MaxStack": 1,
                            "CopyQuality": true
                        }
                    ],
                    "MinutesUntilReady": 720
                },
                "moonslime.Archaeology.h_fragment_of_fossil_I": {
                    "Id": "moonslime.Archaeology.h_fragment_of_fossil_I",
                    "Triggers": [
                        {
                            "Id": "ItemPlacedInMachine",
                            "Trigger": "ItemPlacedInMachine",
                            "RequiredItemId": "(O)Lumisteria.MtVapius_Treasures_FossilFragment01",
                            "RequiredCount": 1
                        }
                    ],
                    "UseFirstValidOutput": true,
                    "OutputItem": [
                        {
                            "Id": "moonslime.Archaeology.h_fragment_of_fossil_I",
                            "ItemId": "(O)moonslime.Archaeology.h_fragment_of_fossil_I",
                            "MinStack": 1,
                            "MaxStack": 1,
                            "CopyQuality": true
                        }
                    ],
                    "MinutesUntilReady": 720
                },
                "moonslime.Archaeology.h_fragment_of_fossil_II": {
                    "Id": "moonslime.Archaeology.h_fragment_of_fossil_II",
                    "Triggers": [
                        {
                            "Id": "ItemPlacedInMachine",
                            "Trigger": "ItemPlacedInMachine",
                            "RequiredItemId": "(O)Lumisteria.MtVapius_Treasures_FossilFragment02",
                            "RequiredCount": 1
                        }
                    ],
                    "UseFirstValidOutput": true,
                    "OutputItem": [
                        {
                            "Id": "moonslime.Archaeology.h_fragment_of_fossil_II",
                            "ItemId": "(O)moonslime.Archaeology.h_fragment_of_fossil_II",
                            "MinStack": 1,
                            "MaxStack": 1,
                            "CopyQuality": true
                        }
                    ],
                    "MinutesUntilReady": 720
                },
                "moonslime.Archaeology.h_fragment_of_fossil_III": {
                    "Id": "moonslime.Archaeology.h_fragment_of_fossil_III",
                    "Triggers": [
                        {
                            "Id": "ItemPlacedInMachine",
                            "Trigger": "ItemPlacedInMachine",
                            "RequiredItemId": "(O)Lumisteria.MtVapius_Treasures_FossilFragment03",
                            "RequiredCount": 1
                        }
                    ],
                    "UseFirstValidOutput": true,
                    "OutputItem": [
                        {
                            "Id": "moonslime.Archaeology.h_fragment_of_fossil_III",
                            "ItemId": "(O)moonslime.Archaeology.h_fragment_of_fossil_III",
                            "MinStack": 1,
                            "MaxStack": 1,
                            "CopyQuality": true
                        }
                    ],
                    "MinutesUntilReady": 720
                },
                "moonslime.Archaeology.h_rare_stamp": {
                    "Id": "moonslime.Archaeology.h_rare_stamp",
                    "Triggers": [
                        {
                            "Id": "ItemPlacedInMachine",
                            "Trigger": "ItemPlacedInMachine",
                            "RequiredItemId": "(O)Lumisteria.MtVapius_Treasures_RareStamp",
                            "RequiredCount": 1
                        }
                    ],
                    "UseFirstValidOutput": true,
                    "OutputItem": [
                        {
                            "Id": "moonslime.Archaeology.h_rare_stamp",
                            "ItemId": "(O)moonslime.Archaeology.h_rare_stamp",
                            "MinStack": 1,
                            "MaxStack": 1,
                            "CopyQuality": true
                        }
                    ],
                    "MinutesUntilReady": 720
                },
                "moonslime.Archaeology.h_medallion": {
                    "Id": "moonslime.Archaeology.h_medallion",
                    "Triggers": [
                        {
                            "Id": "ItemPlacedInMachine",
                            "Trigger": "ItemPlacedInMachine",
                            "RequiredItemId": "(O)Lumisteria.MtVapius_Treasures_Medallion",
                            "RequiredCount": 1
                        }
                    ],
                    "UseFirstValidOutput": true,
                    "OutputItem": [
                        {
                            "Id": "moonslime.Archaeology.h_medallion",
                            "ItemId": "(O)moonslime.Archaeology.h_medallion",
                            "MinStack": 1,
                            "MaxStack": 1,
                            "CopyQuality": true
                        }
                    ],
                    "MinutesUntilReady": 720
                },
                "moonslime.Archaeology.h_cyanotype": {
                    "Id": "moonslime.Archaeology.h_cyanotype",
                    "Triggers": [
                        {
                            "Id": "ItemPlacedInMachine",
                            "Trigger": "ItemPlacedInMachine",
                            "RequiredItemId": "(O)Lumisteria.MtVapius_Treasures_Cyanotype",
                            "RequiredCount": 1
                        }
                    ],
                    "UseFirstValidOutput": true,
                    "OutputItem": [
                        {
                            "Id": "moonslime.Archaeology.h_cyanotype",
                            "ItemId": "(O)moonslime.Archaeology.h_cyanotype",
                            "MinStack": 1,
                            "MaxStack": 1,
                            "CopyQuality": true
                        }
                    ],
                    "MinutesUntilReady": 720
                }
            }
        }
    ]
}
