﻿{
    "StartingRecipes": [

    ],
    "extra_loot_table": [
        "430",
        "74",
        "380",
        "382",
        "378",
        "386",
        "535",
        "768",
        "769",
        "852"
    ],
    "artifact_loot_table": [
        "587",
        "117",
        "103",
        "123",
        "114",
        "109",
        "101",
        "119",
        "105",
        "113",
        "100",
        "107",
        "116",
        "122",
        "121",
        "104",
        "118",
        "124",
        "125",
        "586",
        "106",
        "588",
        "120",
        "115",
        "583",
        "579",
        "581",
        "580",
        "584",
        "108",
        "112",
        "111",
        "110",
        "582",
        "585",
        "126",
        "127",
        "589"
    ],
	"shifter_loot_table": [
        "378",
        "378",
        "378",
        "378",
        "378",
        "378",
        "378",
        "378",
        "378",
        "378",
        "378",
        "170",
        "170",
        "170",
        "170",
        "170",
        "380",
        "380",
        "380",
        "380",
        "380",
        "380",
        "380",
        "380",
        "380",
        "380",
        "380",
        "384",
        "384",
        "384",
        "384",
        "384",
        "384",
        "384",
        "386",
        "382",
        "382",
        "382",
        "382",
        "382",
        "382",
        "382",
        "382",
        "382",
        "382",
        "382",
        "66",
        "68",
        "171",
        "171",
        "171",
        "171",
        "171",
        "64",
        "60",
        "172",
        "172",
        "172",
        "172",
        "172",
        "72",
        "72",
        "72",
        "72",
        "72",
        "86",
        "168",
        "168",
        "168",
        "168",
        "168",
        "84",
        "535",
        "535",
        "535",
        "535",
        "535",
        "535",
        "535",
        "535",
        "167",
        "167",
        "167",
        "167",
        "167",
        "535",
        "535",
        "535",
        "535",
        "535",
		"378",
        "378",
        "378",
        "378",
        "378",
        "378",
        "378",
        "378",
        "378",
        "378",
        "378",
        "380",
        "380",
        "380",
        "380",
        "380",
        "380",
        "380",
        "380",
        "169",
        "169",
        "169",
        "169",
        "169",
        "380",
        "380",
        "380",
        "384",
        "384",
        "384",
        "384",
        "384",
        "384",
        "384"
    ],
	"water_strainer_crafting_recipe": [
		"388 1 92 2/Field/2/false/l 0"
	]
}
