﻿{
    "Changes": [
        {
            "Action": "EditData",
            "Target": "Data/CraftingRecipes",
            "Entries": {

            }
        },
        {
            "Action": "EditData",
            "Target": "Data/CookingRecipes",
            "Entries": {
                "moonslime.Bibliocraft.potato_chips": "192 2 247 1//moonslime.Bibliocraft.potato_chips/moonslime.Bibliocraft 2/",
                "moonslime.Bibliocraft.ink_squid": "151 3//814/moonslime.Bibliocraft 3/",
                "moonslime.Bibliocraft.ink_octo": "149 3//814/moonslime.Bibliocraft 3/",
                "moonslime.Bibliocraft.ginger_tea": "614 1 829 3 245 1//moonslime.Bibliocraft.ginger_tea/moonslime.Bibliocraft 9/"
            }
        }
    ]
}
