﻿{
    "Changes": [
        {
            "Action": "EditData",
            "Target": "Strings/Objects",
            "Entries": {
                "{{ModId}}_Flavor": "{0} {1}"
            }
        },
        {
            "Action": "EditData",
            "Target": "Data/Machines",
            "Entries": {
                "(BC)moonslime.Bibliocraft.Letterpress_Workstation": {
                    "OutputRules": [
                        {
                            "Id": "Making_a_Letterpress",
                            "Triggers": [
                                {
                                    "Id": "ItemPlacedInMachine_Fruit",
                                    "Trigger": "ItemPlacedInMachine",
                                    "RequiredItemId": null,
                                    "RequiredTags": [
                                        "book_item"
                                    ],
                                    "RequiredCount": 1,
                                    "Condition": null
                                }
                            ],
                            "UseFirstValidOutput": true,
                            "OutputItem": [
                                {
                                    "CustomData": null,
                                    "OutputMethod": null,
                                    "CopyColor": true,
                                    "CopyPrice": true,
                                    "CopyQuality": true,
                                    "PreserveType": null,
                                    "PreserveId": "DROP_IN",
                                    "IncrementMachineParentSheetIndex": 0,
                                    "PriceModifiers": null,
                                    "PriceModifierMode": "Stack",
                                    "Condition": null,
                                    "Id": "Default",
                                    "ItemId": "(O)moonslime.Bibliocraft.letterpress",
                                    "RandomItemId": null,
                                    "MaxItems": null,
                                    "MinStack": 1,
                                    "MaxStack": 1,
                                    "Quality": -1,
                                    "ObjectInternalName": "(O)moonslime.Bibliocraft.letterpress_{0}",
                                    "ObjectDisplayName": "[LocalizedText Strings/Objects:{{ModId}}_Flavor %PRESERVED_DISPLAY_NAME %DISPLAY_NAME]",
                                    "ToolUpgradeLevel": -1,
                                    "IsRecipe": false,
                                    "StackModifiers": null,
                                    "StackModifierMode": "Stack",
                                    "QualityModifiers": null,
                                    "QualityModifierMode": "Stack",
                                    "ModData": null,
                                    "PerItemCondition": null
                                }
                            ],
                            "MinutesUntilReady": 600
                        }
                    ],
                    "AdditionalConsumedItems": [
                        {
                            "ItemId": "(O)334",
                            "RequiredCount": 1,
                            "InvalidCountMessage": "{{i18n: moonslime.Bibliocraft.Letterpress_Workstation.need_item}}"
                        }
                    ],
                    "WobbleWhileWorking": true,
                    "ShowNextIndexWhileWorking": true,
                    "ShowNextIndexWhenReady": true,
                    "LoadEffects": [
                        {
                            "Id": "Default",
                            "Condition": null,
                            "Sounds": [
                                {
                                    "Id": "clank",
                                    "Delay": 0
                                },
                                {
                                    "Id": "bubbles",
                                    "Delay": 0
                                }
                            ],
                            "Interval": 100,
                            "Frames": null,
                            "ShakeDuration": -1,
                            "TemporarySprites": [
                                {
                                    "Id": "Default",
                                    "Condition": null,
                                    "Texture": "TileSheets\\animations",
                                    "SourceRect": {
                                        "X": 256,
                                        "Y": 1856,
                                        "Width": 64,
                                        "Height": 128
                                    },
                                    "Interval": 80,
                                    "Frames": 6,
                                    "Loops": 999999,
                                    "PositionOffset": "0, -32",
                                    "Flicker": false,
                                    "Flip": false,
                                    "SortOffset": 0,
                                    "AlphaFade": 0.005,
                                    "Scale": 0.25,
                                    "ScaleChange": 0,
                                    "Rotation": 0,
                                    "RotationChange": 0,
                                    "Color": "#bfbf00bf"
                                }
                            ]
                        }
                    ],
                    "StatsToIncrementWhenLoaded": [
                        {
                            "StatName": "moonslime.Bibliocraft.Machines"
                        }
                    ]
                },
                "(BC)moonslime.Bibliocraft.Letterpress_Inking_Station": {
                    "OutputRules": [
                        {
                            "Id": "Inking_a_Letterpress",
                            "Triggers": [
                                {
                                    "Id": "ItemPlacedInMachine_Fruit",
                                    "Trigger": "ItemPlacedInMachine",
                                    "RequiredItemId": "(O)moonslime.Bibliocraft.letterpress",
                                    "RequiredCount": 1,
                                    "Condition": null
                                }
                            ],
                            "UseFirstValidOutput": true,
                            "OutputItem": [
                                {
                                    "CustomData": {
                                        "selph.ExtraMachineConfig.InheritPreserveId": "true",
                                        "selph.ExtraMachineConfig.CopyColor": "true"
                                    },
                                    "OutputMethod": null,
                                    "CopyPrice": true,
                                    "CopyQuality": true,
                                    "PreserveType": null,
                                    "IncrementMachineParentSheetIndex": 0,
                                    "PriceModifiers": null,
                                    "PriceModifierMode": "Stack",
                                    "Condition": null,
                                    "Id": "Default",
                                    "ItemId": "(O)moonslime.Bibliocraft.letterpress_inked",
                                    "MinStack": 1,
                                    "MaxStack": 1,
                                    "ObjectInternalName": "(O)moonslime.Bibliocraft.letterpress_inked_{0}",
                                    "ObjectDisplayName": "[LocalizedText Strings/Objects:{{ModId}}_Flavor %PRESERVED_DISPLAY_NAME %DISPLAY_NAME]",
                                    "ToolUpgradeLevel": -1,
                                    "IsRecipe": false,
                                    "StackModifiers": null,
                                    "StackModifierMode": "Stack",
                                    "QualityModifiers": null,
                                    "QualityModifierMode": "Stack",
                                    "ModData": null,
                                    "PerItemCondition": null
                                }
                            ],
                            "MinutesUntilReady": 600
                        }
                    ],
                    "AdditionalConsumedItems": [
                        {
                            "ItemId": "(O)814",
                            "RequiredCount": 1,
                            "InvalidCountMessage": "{{i18n: moonslime.Bibliocraft.Letterpress_Inking_Station.need_item}}"
                        }
                    ],
                    "WobbleWhileWorking": true,
                    "ShowNextIndexWhileWorking": true,
                    "ShowNextIndexWhenReady": true,
                    "LoadEffects": [
                        {
                            "Id": "Default",
                            "Condition": null,
                            "Sounds": [
                                {
                                    "Id": "clank",
                                    "Delay": 0
                                },
                                {
                                    "Id": "bubbles",
                                    "Delay": 0
                                }
                            ],
                            "Interval": 100,
                            "Frames": null,
                            "ShakeDuration": -1,
                            "TemporarySprites": [
                                {
                                    "Id": "Default",
                                    "Condition": null,
                                    "Texture": "TileSheets\\animations",
                                    "SourceRect": {
                                        "X": 256,
                                        "Y": 1856,
                                        "Width": 64,
                                        "Height": 128
                                    },
                                    "Interval": 80,
                                    "Frames": 6,
                                    "Loops": 999999,
                                    "PositionOffset": "0, -32",
                                    "Flicker": false,
                                    "Flip": false,
                                    "SortOffset": 0,
                                    "AlphaFade": 0.005,
                                    "Scale": 0.25,
                                    "ScaleChange": 0,
                                    "Rotation": 0,
                                    "RotationChange": 0,
                                    "Color": "#bfbf00bf"
                                }
                            ]
                        }
                    ],
                    "StatsToIncrementWhenLoaded": [
                        {
                            "StatName": "moonslime.Bibliocraft.Machines"
                        }
                    ]
                },
                "(BC)moonslime.Bibliocraft.Printing_Press": {
                    "OutputRules": [
                        {
                            "Id": "Printing_Pages",
                            "Triggers": [
                                {
                                    "Id": "OutputCollected",
                                    "Trigger": "OutputCollected"
                                },
                                {
                                    "Id": "ItemPlacedInMachine_Fruit",
                                    "Trigger": "ItemPlacedInMachine",
                                    "RequiredItemId": "(O)moonslime.Bibliocraft.letterpress_inked",
                                    "RequiredCount": 1
                                }
                            ],
                            "UseFirstValidOutput": true,
                            "OutputItem": [
                                {
                                    "CustomData": {
                                        "selph.ExtraMachineConfig.InheritPreserveId": "true",
                                        "selph.ExtraMachineConfig.CopyColor": "true",
                                        "selph.ExtraMachineConfig.AutomaticProduceCount": "5"
                                    },
                                    "CopyPrice": true,
                                    "CopyQuality": true,
                                    "PriceModifierMode": "Stack",
                                    "Id": "Default",
                                    "ItemId": "(O)moonslime.Bibliocraft.manuscript",
                                    "ObjectInternalName": "(O)moonslime.Bibliocraft.manuscript_{0}",
                                    "ObjectDisplayName": "[LocalizedText Strings/Objects:{{ModId}}_Flavor %PRESERVED_DISPLAY_NAME %DISPLAY_NAME]"
                                }
                            ],
                            "MinutesUntilReady": 600
                        }
                    ],
                    "AdditionalConsumedItems": [
                        {
                            "ItemId": "(O)moonslime.Bibliocraft.paper",
                            "RequiredCount": 999,
                            "InvalidCountMessage": "{{i18n: moonslime.Bibliocraft.Printing_Press.need_item}}"
                        }
                    ],
                    "WobbleWhileWorking": true,
                    "ShowNextIndexWhileWorking": true,
                    "ShowNextIndexWhenReady": true,
                    "LoadEffects": [
                        {
                            "Id": "Default",
                            "Condition": null,
                            "Sounds": [
                                {
                                    "Id": "clank",
                                    "Delay": 0
                                },
                                {
                                    "Id": "bubbles",
                                    "Delay": 0
                                }
                            ],
                            "Interval": 100,
                            "Frames": null,
                            "ShakeDuration": -1,
                            "TemporarySprites": [
                                {
                                    "Id": "Default",
                                    "Condition": null,
                                    "Texture": "TileSheets\\animations",
                                    "SourceRect": {
                                        "X": 256,
                                        "Y": 1856,
                                        "Width": 64,
                                        "Height": 128
                                    },
                                    "Interval": 80,
                                    "Frames": 6,
                                    "Loops": 999999,
                                    "PositionOffset": "0, -32",
                                    "Flicker": false,
                                    "Flip": false,
                                    "SortOffset": 0,
                                    "AlphaFade": 0.005,
                                    "Scale": 0.25,
                                    "ScaleChange": 0,
                                    "Rotation": 0,
                                    "RotationChange": 0,
                                    "Color": "#bfbf00bf"
                                }
                            ]
                        }
                    ],
                    "StatsToIncrementWhenLoaded": [
                        {
                            "StatName": "moonslime.Bibliocraft.Machines"
                        }
                    ]
                },
                "(BC)moonslime.Bibliocraft.Binding_station": {
                    "OutputRules": [
                        {
                            "Id": "Binding_Book",
                            "Triggers": [
                                {
                                    "Id": "ItemPlacedInMachine",
                                    "Trigger": "ItemPlacedInMachine",
                                    "RequiredItemId": "(O)moonslime.Bibliocraft.manuscript",
                                    "RequiredCount": 1
                                }
                            ],
                            "UseFirstValidOutput": false,
                            "OutputItem": [
                                {
                                    "Id": "Default",
                                    "ItemId": "DROP_IN_PRESERVE",
                                    "CopyQuality": true
                                }
                            ],
                            "MinutesUntilReady": 600,
                            "DaysUntilReady": -1,
                            "InvalidCountMessage": null,
                            "RecalculateOnCollect": false
                        }
                    ],
                    "AdditionalConsumedItems": [
                        {
                            "ItemId": "(O)moonslime.Bibliocraft.book_cover",
                            "RequiredCount": 2,
                            "InvalidCountMessage": "{{i18n: moonslime.Bibliocraft.Binding_station.need_item}}"
                        }
                    ],
                    "WobbleWhileWorking": true,
                    "LoadEffects": [
                        {
                            "Id": "Default",
                            "Condition": null,
                            "Sounds": [
                                {
                                    "Id": "clank",
                                    "Delay": 0
                                },
                                {
                                    "Id": "bubbles",
                                    "Delay": 0
                                }
                            ],
                            "Interval": 100,
                            "Frames": null,
                            "ShakeDuration": -1,
                            "TemporarySprites": [
                                {
                                    "Id": "Default",
                                    "Condition": null,
                                    "Texture": "TileSheets\\animations",
                                    "SourceRect": {
                                        "X": 256,
                                        "Y": 1856,
                                        "Width": 64,
                                        "Height": 128
                                    },
                                    "Interval": 80,
                                    "Frames": 6,
                                    "Loops": 999999,
                                    "PositionOffset": "0, -32",
                                    "Flicker": false,
                                    "Flip": false,
                                    "SortOffset": 0,
                                    "AlphaFade": 0.005,
                                    "Scale": 0.25,
                                    "ScaleChange": 0,
                                    "Rotation": 0,
                                    "RotationChange": 0,
                                    "Color": "#bfbf00bf"
                                }
                            ]
                        }
                    ],
                    "ShowNextIndexWhileWorking": true,
                    "ShowNextIndexWhenReady": true,
                    "PreventTimePass": null,
                    "ReadyTimeModifiers": null,
                    "ReadyTimeModifierMode": "Stack",
                    "InvalidItemMessage": null,
                    "InvalidItemMessageCondition": null,
                    "InvalidCountMessage": null,
                    "StatsToIncrementWhenLoaded": [
                        {
                            "StatName": "moonslime.Bibliocraft.Machines"
                        }
                    ]
                },
                "(BC)moonslime.Bibliocraft.Paper_Press": {
                    "OutputRules": [
                        {
                            "Id": "Wood_Pulp_Insert",
                            "Triggers": [
                                {
                                    "Id": "OutputCollected1",
                                    "Trigger": "OutputCollected"
                                },
                                {
                                    "Id": "ItemPlacedInMachine1",
                                    "Trigger": "ItemPlacedInMachine",
                                    "RequiredItemId": "(O)moonslime.Bibliocraft.woodpulp",
                                    "RequiredCount": 500
                                }
                            ],
                            "OutputItem": [
                                {
                                    "Id": "Paper",
                                    "ItemId": "(O)moonslime.Bibliocraft.paper",
                                    "MinStack": 50,
                                    "MaxStack": 150,
                                    "CustomData": {
                                        "selph.ExtraMachineConfig.AutomaticProduceCount": "3"
                                    }
                                }
                            ],
                            "MinutesUntilReady": 1250
                        },
                        {
                            "Id": "Hardwood_Pulp_Insert",
                            "Triggers": [
                                {
                                    "Id": "OutputCollected2",
                                    "Trigger": "OutputCollected"
                                },
                                {
                                    "Id": "ItemPlacedInMachine2",
                                    "Trigger": "ItemPlacedInMachine",
                                    "RequiredItemId": "(O)moonslime.Bibliocraft.hardwoodpulp",
                                    "RequiredCount": 500
                                }
                            ],
                            "OutputItem": [
                                {
                                    "Id": "Bookcover",
                                    "ItemId": "(O)moonslime.Bibliocraft.book_cover",
                                    "MinStack": 10,
                                    "MaxStack": 20,
                                    "CustomData": {
                                        "selph.ExtraMachineConfig.AutomaticProduceCount": "3"
                                    }
                                }
                            ],
                            "MinutesUntilReady": 1250
                        }
                    ],
                    "AdditionalConsumedItems": [
                        {
                            "ItemId": "(O)571",
                            "RequiredCount": 1,
                            "InvalidCountMessage": "{{i18n: moonslime.Bibliocraft.Paper_Press.need_item}}"
                        }
                    ],
                    "WobbleWhileWorking": true,
                    "ShowNextIndexWhileWorking": true,
                    "ShowNextIndexWhenReady": true,
                    "LoadEffects": [
                        {
                            "Id": "Default",
                            "Condition": null,
                            "Sounds": [
                                {
                                    "Id": "clank",
                                    "Delay": 0
                                }
                            ],
                            "Interval": 100,
                            "Frames": null,
                            "ShakeDuration": -1
                        }
                    ],
                    "StatsToIncrementWhenLoaded": [
                        {
                            "StatName": "moonslime.Bibliocraft.Machines"
                        }
                    ]
                },
                "(BC)moonslime.Bibliocraft.Book_Restoration": {
                    "CustomFields": {
                        "selph.ExtraMachineConfig.IsCustomCask": "true",
                        "selph.ExtraMachineConfig.CaskWorksAnywhere": "true",
                        "selph.ExtraMachineConfig.CaskStarLocationX": "3",
                        "selph.ExtraMachineConfig.CaskStarLocationY": "13"
                    },
                    "OutputRules": [
                        {
                            "Id": "rebind_book",
                            "Triggers": [
                                {
                                    "Id": "ItemPlacedInMachine",
                                    "Trigger": "ItemPlacedInMachine",
                                    "RequiredItemId": null,
                                    "RequiredTags": [
                                        "book_item"
                                    ],
                                    "RequiredCount": 1
                                }
                            ],
                            "UseFirstValidOutput": false,
                            "OutputItem": [
                                {
                                    "CustomData": {
                                        "selph.ExtraMachineConfig.RequirementId.1": "(O)771",
                                        "selph.ExtraMachineConfig.RequirementCount.1": "8",
                                        "selph.ExtraMachineConfig.RequirementId.2": "(O)moonslime.Bibliocraft.book_cover",
                                        "selph.ExtraMachineConfig.RequirementInvalidMsg": "{{i18n: moonslime.Bibliocraft.Book_Restoration.need_item2}}",
                                        "selph.ExtraMachineConfig.RequirementCount.2": "2",
                                        "AgingMultiplier": "10"
                                    },
                                    "OutputMethod": "StardewValley.Objects.Cask, Stardew Valley: OutputCask",
                                    "CopyColor": false,
                                    "CopyPrice": false,
                                    "CopyQuality": false,
                                    "PreserveType": null,
                                    "PreserveId": null,
                                    "IncrementMachineParentSheetIndex": 0,
                                    "PriceModifiers": null,
                                    "PriceModifierMode": "Stack",
                                    "Condition": null,
                                    "Id": "Default",
                                    "ItemId": null,
                                    "RandomItemId": null,
                                    "MaxItems": null,
                                    "MinStack": -1,
                                    "MaxStack": -1,
                                    "Quality": -1,
                                    "ObjectInternalName": null,
                                    "ObjectDisplayName": null,
                                    "ObjectColor": null,
                                    "ToolUpgradeLevel": -1,
                                    "IsRecipe": false,
                                    "StackModifiers": null,
                                    "StackModifierMode": "Stack",
                                    "QualityModifiers": null,
                                    "QualityModifierMode": "Stack",
                                    "ModData": null,
                                    "PerItemCondition": null
                                }
                            ],
                            "MinutesUntilReady": -1,
                            "DaysUntilReady": -1,
                            "InvalidCountMessage": null,
                            "RecalculateOnCollect": false
                        }
                    ],
                    "AdditionalConsumedItems": [
                        {
                            "ItemId": "(O)814",
                            "RequiredCount": 1,
                            "InvalidCountMessage": "{{i18n: moonslime.Bibliocraft.Book_Restoration.need_item}}"
                        }
                    ],
                    "WobbleWhileWorking": true,
                    "ShowNextIndexWhileWorking": true,
                    "ShowNextIndexWhenReady": false,
                    "LoadEffects": [
                        {
                            "Id": "Default",
                            "Condition": null,
                            "Sounds": [
                                {
                                    "Id": "clank",
                                    "Delay": 0
                                },
                                {
                                    "Id": "bubbles",
                                    "Delay": 0
                                }
                            ],
                            "Interval": 100,
                            "Frames": null,
                            "ShakeDuration": -1,
                            "TemporarySprites": [
                                {
                                    "Id": "Default",
                                    "Condition": null,
                                    "Texture": "TileSheets\\animations",
                                    "SourceRect": {
                                        "X": 256,
                                        "Y": 1856,
                                        "Width": 64,
                                        "Height": 128
                                    },
                                    "Interval": 80,
                                    "Frames": 6,
                                    "Loops": 999999,
                                    "PositionOffset": "0, -32",
                                    "Flicker": false,
                                    "Flip": false,
                                    "SortOffset": 0,
                                    "AlphaFade": 0.005,
                                    "Scale": 0.25,
                                    "ScaleChange": 0,
                                    "Rotation": 0,
                                    "RotationChange": 0,
                                    "Color": "#bfbf00bf"
                                }
                            ]
                        }
                    ],
                    "StatsToIncrementWhenLoaded": [
                        {
                            "StatName": "moonslime.Bibliocraft.Machines"
                        }
                    ]
                },
                "(BC)moonslime.Bibliocraft.Book_Donations": {
                    "OutputRules": [
                        {
                            "Id": "Default",
                            "Triggers": [
                                {
                                    "Id": "DayUpdate",
                                    "Trigger": "DayUpdate",
                                    "Condition": "LOCATION_IS_OUTDOORS target, !LOCATION_NAME target Farm"
                                }
                            ],
                            "OutputItem": [
                                {
                                    "Id": "Random Book",
                                    "RandomItemId": [ "(O)Book_Grass", "(O)SkillBook_4", "(O)SkillBook_3", "(O)SkillBook_2", "(O)SkillBook_1", "(O)SkillBook_0", "(O)Book_Woodcutting" ]
                                }
                            ]
                        }
                    ],
                    "ShowNextIndexWhileWorking": true,
                    "ShowNextIndexWhenReady": true,
                    "StatsToIncrementWhenHarvested": [
                        {
                            "StatName": "moonslime.Bibliocraft.Machines"
                        }
                    ]
                }
            }
        }
    ]
}
