﻿{
    "Changes": [
        {
            "Action": "Load",
            "Target": "Mods/moonslime.BibliocraftSkill/textures",
            "FromFile": "Assets/sprites.png"
        },
        {
            "Action": "Load",
            "Target": "Mods/moonslime.BibliocraftSkill/machines",
            "FromFile": "Assets/machines.png"
        },
        {
            "Action": "EditData",
            "Target": "Data/BigCraftables",
            "Entries": {
                "moonslime.BibliocraftSkill.Letterpress_Workstation": {
                    "Name": "Letterpress Workstation",
                    "DisplayName": "{{i18n:moonslime.BibliocraftSkill.Letterpress_Workstation.name}}",
                    "Description": "{{i18n:moonslime.BibliocraftSkill.Letterpress_Workstation.description}}",
                    "Price": 50,
                    "Texture": "Mods/moonslime.BibliocraftSkill/machines",
                    "SpriteIndex": 0
                },
				"moonslime.BibliocraftSkill.Letterpress_Inking_Station": {
                    "Name": "Letterpress Inking Station",
                    "DisplayName": "{{i18n:moonslime.BibliocraftSkill.Letterpress_Inking_Station.name}}",
                    "Description": "{{i18n:moonslime.BibliocraftSkill.Letterpress_Inking_Station.description}}",
                    "Price": 50,
                    "Texture": "Mods/moonslime.BibliocraftSkill/machines",
                    "SpriteIndex": 0
                }
            }
        }
    ]
}
