﻿{
    "Changes": [
        {
            "Action": "Load",
            "Target": "Mods/moonslime.BibliocraftSkill/textures",
            "FromFile": "Assets/sprites.png"
        },
        {
            "Action": "Load",
            "Target": "Mods/moonslime.BibliocraftSkill/machines",
            "FromFile": "Assets/machines.png"
        },
        {
            "Action": "EditData",
            "Target": "Data/BigCraftables",
            "Entries": {
                "moonslime.BibliocraftSkill.Letterpress_Workstation": {
                    "Name": "Letterpress Workstation",
                    "DisplayName": "{{i18n:moonslime.BibliocraftSkill.Letterpress_Workstation.name}}",
                    "Description": "{{i18n:moonslime.BibliocraftSkill.Letterpress_Workstation.description}}",
                    "Price": 50,
                    "Texture": "Mods/moonslime.BibliocraftSkill/machines",
                    "SpriteIndex": 0
                },
                "moonslime.BibliocraftSkill.Pen_Pal_Desk": {
                    "Name": "Pen Pal Desk",
                    "DisplayName": "{{i18n:moonslime.BibliocraftSkill.Pen_Pal_Desk.name}}",
                    "Description": "{{i18n:moonslime.BibliocraftSkill.Pen_Pal_Desk.description}}",
                    "Price": 50,
                    "Texture": "Mods/moonslime.BibliocraftSkill/machines",
                    "SpriteIndex": 2
                },
                "moonslime.BibliocraftSkill.Letterpress_Inking_Station": {
                    "Name": "Letterpress Inking Station",
                    "DisplayName": "{{i18n:moonslime.BibliocraftSkill.Letterpress_Inking_Station.name}}",
                    "Description": "{{i18n:moonslime.BibliocraftSkill.Letterpress_Inking_Station.description}}",
                    "Price": 50,
                    "Texture": "Mods/moonslime.BibliocraftSkill/machines",
                    "SpriteIndex": 3
                },
                "moonslime.BibliocraftSkill.Book_Donations": {
                    "Name": "Book Donations",
                    "DisplayName": "{{i18n:moonslime.BibliocraftSkill.Book_Donations.name}}",
                    "Description": "{{i18n:moonslime.BibliocraftSkill.Book_Donations.description}}",
                    "Price": 50,
                    "Texture": "Mods/moonslime.BibliocraftSkill/machines",
                    "SpriteIndex": 6
                },
                "moonslime.BibliocraftSkill.Book_Restoration": {
                    "Name": "Book Restoration Table",
                    "DisplayName": "{{i18n:moonslime.BibliocraftSkill.Book_Restoration.name}}",
                    "Description": "{{i18n:moonslime.BibliocraftSkill.Book_Restoration.description}}",
                    "Price": 50,
                    "Texture": "Mods/moonslime.BibliocraftSkill/machines",
                    "SpriteIndex": 8
                },
                "moonslime.BibliocraftSkill.Paper_Press": {
                    "Name": "Paper Press",
                    "DisplayName": "{{i18n:moonslime.BibliocraftSkill.Paper_Press.name}}",
                    "Description": "{{i18n:moonslime.BibliocraftSkill.Paper_Press.description}}",
                    "Price": 50,
                    "Texture": "Mods/moonslime.BibliocraftSkill/machines",
                    "SpriteIndex": 10
                },
                "moonslime.BibliocraftSkill.Printing_Press": {
                    "Name": "Printing Press",
                    "DisplayName": "{{i18n:moonslime.BibliocraftSkill.Printing_Press.name}}",
                    "Description": "{{i18n:moonslime.BibliocraftSkill.Printing_Press.description}}",
                    "Price": 50,
                    "Texture": "Mods/moonslime.BibliocraftSkill/machines",
                    "SpriteIndex": 12
                },
                "moonslime.BibliocraftSkill.Binding_station": {
                    "Name": "Binding Station",
                    "DisplayName": "{{i18n:moonslime.BibliocraftSkill.Binding_station.name}}",
                    "Description": "{{i18n:moonslime.BibliocraftSkill.Binding_station.description}}",
                    "Price": 50,
                    "Texture": "Mods/moonslime.BibliocraftSkill/machines",
                    "SpriteIndex": 15
                }
            }
        },
        {
            "Action": "EditData",
            "Target": "Data/Objects",
            "Entries": {
                "moonslime.Bibliocraft.letterpress": {
                    "Name": "Letterpress",
                    "DisplayName": "{{i18n:moonslime.Bibliocraft.letterpress.name}}",
                    "Description": "{{i18n:moonslime.Bibliocraft.letterpress.description}}",
                    "Type": "building_resources",
                    "Category": -16,
                    "Price": 1,
                    "Texture": "Mods/moonslime.BibliocraftSkill/textures",
                    "SpriteIndex": 0,
                    "Edibility": -300,
                    "IsDrink": false,
                    "Buffs": null,
                    "GeodeDropsDefaultItems": false,
                    "GeodeDrops": null,
                    "ArtifactSpotChances": null,
                    "ExcludeFromFishingCollection": true,
                    "ExcludeFromShippingCollection": false,
                    "ExcludeFromRandomSale": false,
                    "ContextTags": [
                        "not_placeable"
                    ],
                    "CustomFields": null
                },
                "moonslime.Bibliocraft.letterpress_inked": {
                    "Name": "Inked Letterpress",
                    "DisplayName": "{{i18n:moonslime.Bibliocraft.letterpress_inked.name}}",
                    "Description": "{{i18n:moonslime.Bibliocraft.letterpress_inked.description}}",
                    "Type": "building_resources",
                    "Category": -16,
                    "Price": 1,
                    "Texture": "Mods/moonslime.BibliocraftSkill/textures",
                    "SpriteIndex": 1,
                    "Edibility": -300,
                    "IsDrink": false,
                    "Buffs": null,
                    "GeodeDropsDefaultItems": false,
                    "GeodeDrops": null,
                    "ArtifactSpotChances": null,
                    "ExcludeFromFishingCollection": true,
                    "ExcludeFromShippingCollection": false,
                    "ExcludeFromRandomSale": false,
                    "ContextTags": [
                        "not_placeable"
                    ],
                    "CustomFields": null
                },
                "moonslime.Bibliocraft.paper": {
                    "Name": "Book Paper",
                    "DisplayName": "{{i18n:moonslime.Bibliocraft.paper.name}}",
                    "Description": "{{i18n:moonslime.Bibliocraft.paper.description}}",
                    "Type": "building_resources",
                    "Category": -16,
                    "Price": 1,
                    "Texture": "Mods/moonslime.BibliocraftSkill/textures",
                    "SpriteIndex": 2,
                    "Edibility": -300,
                    "IsDrink": false,
                    "Buffs": null,
                    "GeodeDropsDefaultItems": false,
                    "GeodeDrops": null,
                    "ArtifactSpotChances": null,
                    "ExcludeFromFishingCollection": true,
                    "ExcludeFromShippingCollection": false,
                    "ExcludeFromRandomSale": false,
                    "ContextTags": [
                        "not_placeable"
                    ],
                    "CustomFields": null
                },
                "moonslime.Bibliocraft.manuscript": {
                    "Name": "Unbound Copy",
                    "DisplayName": "{{i18n:moonslime.Bibliocraft.manuscript.name}}",
                    "Description": "{{i18n:moonslime.Bibliocraft.manuscript.description}}",
                    "Type": "building_resources",
                    "Category": -16,
                    "Price": 1,
                    "Texture": "Mods/moonslime.BibliocraftSkill/textures",
                    "SpriteIndex": 3,
                    "Edibility": -300,
                    "IsDrink": false,
                    "Buffs": null,
                    "GeodeDropsDefaultItems": false,
                    "GeodeDrops": null,
                    "ArtifactSpotChances": null,
                    "ExcludeFromFishingCollection": true,
                    "ExcludeFromShippingCollection": false,
                    "ExcludeFromRandomSale": false,
                    "ContextTags": [
                        "not_placeable"
                    ],
                    "CustomFields": null
                },
                "moonslime.Bibliocraft.book_cover": {
                    "Name": "Unbound Copy",
                    "DisplayName": "{{i18n:moonslime.Bibliocraft.book_cover.name}}",
                    "Description": "{{i18n:moonslime.Bibliocraft.book_cover.description}}",
                    "Type": "building_resources",
                    "Category": -16,
                    "Price": 1,
                    "Texture": "Mods/moonslime.BibliocraftSkill/textures",
                    "SpriteIndex": 4,
                    "Edibility": -300,
                    "IsDrink": false,
                    "Buffs": null,
                    "GeodeDropsDefaultItems": false,
                    "GeodeDrops": null,
                    "ArtifactSpotChances": null,
                    "ExcludeFromFishingCollection": true,
                    "ExcludeFromShippingCollection": false,
                    "ExcludeFromRandomSale": false,
                    "ContextTags": [
                        "not_placeable"
                    ],
                    "CustomFields": null
                },
                "moonslime.Bibliocraft.woodpulp": {
                    "Name": "Wood Pulp",
                    "DisplayName": "{{i18n:moonslime.Bibliocraft.woodpulp.name}}",
                    "Description": "{{i18n:moonslime.Bibliocraft.woodpulp.description}}",
                    "Type": "building_resources",
                    "Category": -16,
                    "Price": 1,
                    "Texture": "Mods/moonslime.BibliocraftSkill/textures",
                    "SpriteIndex": 5,
                    "Edibility": -300,
                    "IsDrink": false,
                    "Buffs": null,
                    "GeodeDropsDefaultItems": false,
                    "GeodeDrops": null,
                    "ArtifactSpotChances": null,
                    "ExcludeFromFishingCollection": true,
                    "ExcludeFromShippingCollection": false,
                    "ExcludeFromRandomSale": false,
                    "ContextTags": [
                        "not_placeable"
                    ],
                    "CustomFields": null
                },
                "moonslime.Bibliocraft.hardwoodpulp": {
                    "Name": "Hardwood Pulp",
                    "DisplayName": "{{i18n:moonslime.Bibliocraft.hardwoodpulp.name}}",
                    "Description": "{{i18n:moonslime.Bibliocraft.hardwoodpulp.description}}",
                    "Type": "building_resources",
                    "Category": -16,
                    "Price": 1,
                    "Texture": "Mods/moonslime.BibliocraftSkill/textures",
                    "SpriteIndex": 6,
                    "Edibility": -300,
                    "IsDrink": false,
                    "Buffs": null,
                    "GeodeDropsDefaultItems": false,
                    "GeodeDrops": null,
                    "ArtifactSpotChances": null,
                    "ExcludeFromFishingCollection": true,
                    "ExcludeFromShippingCollection": false,
                    "ExcludeFromRandomSale": false,
                    "ContextTags": [
                        "not_placeable"
                    ],
                    "CustomFields": null
                },
                "moonslime.Bibliocraft.potato_chips": {
                    "Name": "Comfort Food",
                    "DisplayName": "{{i18n:moonslime.Bibliocraft.potato_chips.name}}",
                    "Description": "{{i18n:moonslime.Bibliocraft.potato_chips.description}}",
                    "Type": "Cooking",
                    "Category": -7,
                    "Price": 60,
                    "Texture": "Mods/moonslime.BibliocraftSkill/textures",
                    "SpriteIndex": 8,
                    "Edibility": 20,
                    "IsDrink": false,
                    "Buffs": [
                        {
                            "Id": "Food",
                            "BuffId": null,
                            "IconTexture": null,
                            "IconSpriteIndex": 0,
                            "Duration": 480,
                            "IsDebuff": false,
                            "GlowColor": null,
                            "CustomAttributes": {
                                "FarmingLevel": 0,
                                "FishingLevel": 0,
                                "MiningLevel": 0,
                                "LuckLevel": 0,
                                "ForagingLevel": 0,
                                "MaxStamina": 0,
                                "MagneticRadius": 16,
                                "Speed": 0,
                                "Defense": 0,
                                "Attack": 0
                            },
                            "CustomFields": {
                                "spacechase.SpaceCore.SkillBuff.moonslime.Bibliocraft": "2"
                            }
                        }
                    ],
                    "GeodeDropsDefaultItems": false,
                    "GeodeDrops": null,
                    "ArtifactSpotChances": null,
                    "ExcludeFromFishingCollection": true,
                    "ExcludeFromShippingCollection": true,
                    "ExcludeFromRandomSale": false,
                    "ContextTags": [
                        "color_yellow",
                        "food_sweet"
                    ],
                    "CustomFields": null
                },
                "moonslime.Bibliocraft.ginger_tea": {
                    "Name": "Ginger Tea",
                    "DisplayName": "{{i18n:moonslime.Bibliocraft.ginger_tea.name}}",
                    "Description": "{{i18n:moonslime.Bibliocraft.ginger_tea.description}}",
                    "Type": "Cooking",
                    "Category": -7,
                    "Price": 400,
                    "Texture": "Mods/moonslime.BibliocraftSkill/textures",
                    "SpriteIndex": 7,
                    "Edibility": 30,
                    "IsDrink": true,
                    "Buffs": [
                        {
                            "Id": "Drink",
                            "BuffId": null,
                            "IconTexture": null,
                            "IconSpriteIndex": 0,
                            "Duration": 480,
                            "IsDebuff": false,
                            "GlowColor": null,
                            "CustomAttributes": {
                                "FarmingLevel": 0,
                                "FishingLevel": 0,
                                "MiningLevel": 0,
                                "LuckLevel": 1,
                                "ForagingLevel": 0,
                                "MaxStamina": 30,
                                "MagneticRadius": 0,
                                "Speed": 0.5,
                                "Defense": 0,
                                "Attack": 0,
                                "Immunity": 1.0
                            },
                            "CustomFields": {
                                "spacechase.SpaceCore.SkillBuff.moonslime.Bibliocraft": "1"
                            }
                        }
                    ],
                    "GeodeDropsDefaultItems": false,
                    "GeodeDrops": null,
                    "ArtifactSpotChances": null,
                    "ExcludeFromFishingCollection": true,
                    "ExcludeFromShippingCollection": true,
                    "ExcludeFromRandomSale": false,
                    "ContextTags": [
                        "color_green",
                        "food_sweet"
                    ],
                    "CustomFields": null
                },
                "moonslime.Bibliocraft.letter_robin": {
                    "Name": "Robin",
                    "DisplayName": "{{i18n:moonslime.Bibliocraft.letter_robin.name}}",
                    "Description": "{{i18n:moonslime.Bibliocraft.letter_robin.description}}",
                    "Type": "building_resources",
                    "Category": -16,
                    "Price": 30,
                    "Texture": "Mods/moonslime.BibliocraftSkill/textures",
                    "SpriteIndex": 9,
                    "Edibility": -300,
                    "IsDrink": false,
                    "CanBeGivenAsGift": false,
                    "ContextTags": [
                        "not_placeable",
                        "moonslime.Bibliocraft.mail"
                    ],
                    "CustomFields": null
                },
                "moonslime.Bibliocraft.letter_alex": {
                    "Name": "Alex",
                    "DisplayName": "{{i18n:moonslime.Bibliocraft.letter_alex.name}}",
                    "Description": "{{i18n:moonslime.Bibliocraft.letter_alex.description}}",
                    "Type": "building_resources",
                    "Category": -16,
                    "Price": 30,
                    "Texture": "Mods/moonslime.BibliocraftSkill/textures",
                    "SpriteIndex": 9,
                    "Edibility": -300,
                    "IsDrink": false,
                    "CanBeGivenAsGift": false,
                    "ContextTags": [
                        "not_placeable",
                        "moonslime.Bibliocraft.mail"
                    ],
                    "CustomFields": null
                },
                "moonslime.Bibliocraft.letter_elliott": {
                    "Name": "Elliott",
                    "DisplayName": "{{i18n:moonslime.Bibliocraft.letter_elliott.name}}",
                    "Description": "{{i18n:moonslime.Bibliocraft.letter_elliott.description}}",
                    "Type": "building_resources",
                    "Category": -16,
                    "Price": 30,
                    "Texture": "Mods/moonslime.BibliocraftSkill/textures",
                    "SpriteIndex": 9,
                    "Edibility": -300,
                    "IsDrink": false,
                    "CanBeGivenAsGift": false,
                    "ContextTags": [
                        "not_placeable",
                        "moonslime.Bibliocraft.mail"
                    ],
                    "CustomFields": null
                },
                "moonslime.Bibliocraft.letter_harvey": {
                    "Name": "Harvey",
                    "DisplayName": "{{i18n:moonslime.Bibliocraft.letter_harvey.name}}",
                    "Description": "{{i18n:moonslime.Bibliocraft.letter_harvey.description}}",
                    "Type": "building_resources",
                    "Category": -16,
                    "Price": 30,
                    "Texture": "Mods/moonslime.BibliocraftSkill/textures",
                    "SpriteIndex": 9,
                    "Edibility": -300,
                    "IsDrink": false,
                    "CanBeGivenAsGift": false,
                    "ContextTags": [
                        "not_placeable",
                        "moonslime.Bibliocraft.mail"
                    ],
                    "CustomFields": null
                },
                "moonslime.Bibliocraft.letter_sam": {
                    "Name": "Sam",
                    "DisplayName": "{{i18n:moonslime.Bibliocraft.letter_sam.name}}",
                    "Description": "{{i18n:moonslime.Bibliocraft.letter_sam.description}}",
                    "Type": "building_resources",
                    "Category": -16,
                    "Price": 30,
                    "Texture": "Mods/moonslime.BibliocraftSkill/textures",
                    "SpriteIndex": 9,
                    "Edibility": -300,
                    "IsDrink": false,
                    "CanBeGivenAsGift": false,
                    "ContextTags": [
                        "not_placeable",
                        "moonslime.Bibliocraft.mail"
                    ],
                    "CustomFields": null
                },
                "moonslime.Bibliocraft.letter_sebastian": {
                    "Name": "Sebastian",
                    "DisplayName": "{{i18n:moonslime.Bibliocraft.letter_sebastian.name}}",
                    "Description": "{{i18n:moonslime.Bibliocraft.letter_sebastian.description}}",
                    "Type": "building_resources",
                    "Category": -16,
                    "Price": 30,
                    "Texture": "Mods/moonslime.BibliocraftSkill/textures",
                    "SpriteIndex": 9,
                    "Edibility": -300,
                    "IsDrink": false,
                    "CanBeGivenAsGift": false,
                    "ContextTags": [
                        "not_placeable",
                        "moonslime.Bibliocraft.mail"
                    ],
                    "CustomFields": null
                },
                "moonslime.Bibliocraft.letter_shane": {
                    "Name": "Shane",
                    "DisplayName": "{{i18n:moonslime.Bibliocraft.letter_shane.name}}",
                    "Description": "{{i18n:moonslime.Bibliocraft.letter_shane.description}}",
                    "Type": "building_resources",
                    "Category": -16,
                    "Price": 30,
                    "Texture": "Mods/moonslime.BibliocraftSkill/textures",
                    "SpriteIndex": 9,
                    "Edibility": -300,
                    "IsDrink": false,
                    "CanBeGivenAsGift": false,
                    "ContextTags": [
                        "not_placeable",
                        "moonslime.Bibliocraft.mail"
                    ],
                    "CustomFields": null
                },
                "moonslime.Bibliocraft.letter_abigail": {
                    "Name": "Abigail",
                    "DisplayName": "{{i18n:moonslime.Bibliocraft.letter_abigail.name}}",
                    "Description": "{{i18n:moonslime.Bibliocraft.letter_abigail.description}}",
                    "Type": "building_resources",
                    "Category": -16,
                    "Price": 30,
                    "Texture": "Mods/moonslime.BibliocraftSkill/textures",
                    "SpriteIndex": 9,
                    "Edibility": -300,
                    "IsDrink": false,
                    "CanBeGivenAsGift": false,
                    "ContextTags": [
                        "not_placeable",
                        "moonslime.Bibliocraft.mail"
                    ],
                    "CustomFields": null
                },
                "moonslime.Bibliocraft.letter_emily": {
                    "Name": "Emily",
                    "DisplayName": "{{i18n:moonslime.Bibliocraft.letter_emily.name}}",
                    "Description": "{{i18n:moonslime.Bibliocraft.letter_emily.description}}",
                    "Type": "building_resources",
                    "Category": -16,
                    "Price": 30,
                    "Texture": "Mods/moonslime.BibliocraftSkill/textures",
                    "SpriteIndex": 9,
                    "Edibility": -300,
                    "IsDrink": false,
                    "CanBeGivenAsGift": false,
                    "ContextTags": [
                        "not_placeable",
                        "moonslime.Bibliocraft.mail"
                    ],
                    "CustomFields": null
                },
                "moonslime.Bibliocraft.letter_haley": {
                    "Name": "Haley",
                    "DisplayName": "{{i18n:moonslime.Bibliocraft.letter_haley.name}}",
                    "Description": "{{i18n:moonslime.Bibliocraft.letter_haley.description}}",
                    "Type": "building_resources",
                    "Category": -16,
                    "Price": 30,
                    "Texture": "Mods/moonslime.BibliocraftSkill/textures",
                    "SpriteIndex": 9,
                    "Edibility": -300,
                    "IsDrink": false,
                    "CanBeGivenAsGift": false,
                    "ContextTags": [
                        "not_placeable",
                        "moonslime.Bibliocraft.mail"
                    ],
                    "CustomFields": null
                },
                "moonslime.Bibliocraft.letter_leah": {
                    "Name": "Leah",
                    "DisplayName": "{{i18n:moonslime.Bibliocraft.letter_leah.name}}",
                    "Description": "{{i18n:moonslime.Bibliocraft.letter_leah.description}}",
                    "Type": "building_resources",
                    "Category": -16,
                    "Price": 30,
                    "Texture": "Mods/moonslime.BibliocraftSkill/textures",
                    "SpriteIndex": 9,
                    "Edibility": -300,
                    "IsDrink": false,
                    "CanBeGivenAsGift": false,
                    "ContextTags": [
                        "not_placeable",
                        "moonslime.Bibliocraft.mail"
                    ],
                    "CustomFields": null
                },
                "moonslime.Bibliocraft.letter_maru": {
                    "Name": "Maru",
                    "DisplayName": "{{i18n:moonslime.Bibliocraft.letter_maru.name}}",
                    "Description": "{{i18n:moonslime.Bibliocraft.letter_maru.description}}",
                    "Type": "building_resources",
                    "Category": -16,
                    "Price": 30,
                    "Texture": "Mods/moonslime.BibliocraftSkill/textures",
                    "SpriteIndex": 9,
                    "Edibility": -300,
                    "IsDrink": false,
                    "CanBeGivenAsGift": false,
                    "ContextTags": [
                        "not_placeable",
                        "moonslime.Bibliocraft.mail"
                    ],
                    "CustomFields": null
                },
                "moonslime.Bibliocraft.letter_penny": {
                    "Name": "Penny",
                    "DisplayName": "{{i18n:moonslime.Bibliocraft.letter_penny.name}}",
                    "Description": "{{i18n:moonslime.Bibliocraft.letter_penny.description}}",
                    "Type": "building_resources",
                    "Category": -16,
                    "Price": 30,
                    "Texture": "Mods/moonslime.BibliocraftSkill/textures",
                    "SpriteIndex": 9,
                    "Edibility": -300,
                    "IsDrink": false,
                    "CanBeGivenAsGift": false,
                    "ContextTags": [
                        "not_placeable",
                        "moonslime.Bibliocraft.mail"
                    ],
                    "CustomFields": null
                },
                "moonslime.Bibliocraft.letter_caroline": {
                    "Name": "Caroline",
                    "DisplayName": "{{i18n:moonslime.Bibliocraft.letter_caroline.name}}",
                    "Description": "{{i18n:moonslime.Bibliocraft.letter_caroline.description}}",
                    "Type": "building_resources",
                    "Category": -16,
                    "Price": 30,
                    "Texture": "Mods/moonslime.BibliocraftSkill/textures",
                    "SpriteIndex": 9,
                    "Edibility": -300,
                    "IsDrink": false,
                    "CanBeGivenAsGift": false,
                    "ContextTags": [
                        "not_placeable",
                        "moonslime.Bibliocraft.mail"
                    ],
                    "CustomFields": null
                },
                "moonslime.Bibliocraft.letter_clint": {
                    "Name": "Clint",
                    "DisplayName": "{{i18n:moonslime.Bibliocraft.letter_clint.name}}",
                    "Description": "{{i18n:moonslime.Bibliocraft.letter_clint.description}}",
                    "Type": "building_resources",
                    "Category": -16,
                    "Price": 30,
                    "Texture": "Mods/moonslime.BibliocraftSkill/textures",
                    "SpriteIndex": 9,
                    "Edibility": -300,
                    "IsDrink": false,
                    "CanBeGivenAsGift": false,
                    "ContextTags": [
                        "not_placeable",
                        "moonslime.Bibliocraft.mail"
                    ],
                    "CustomFields": null
                },
                "moonslime.Bibliocraft.letter_demetrius": {
                    "Name": "Demetrius",
                    "DisplayName": "{{i18n:moonslime.Bibliocraft.letter_demetrius.name}}",
                    "Description": "{{i18n:moonslime.Bibliocraft.letter_demetrius.description}}",
                    "Type": "building_resources",
                    "Category": -16,
                    "Price": 30,
                    "Texture": "Mods/moonslime.BibliocraftSkill/textures",
                    "SpriteIndex": 9,
                    "Edibility": -300,
                    "IsDrink": false,
                    "CanBeGivenAsGift": false,
                    "ContextTags": [
                        "not_placeable",
                        "moonslime.Bibliocraft.mail"
                    ],
                    "CustomFields": null
                },
                "moonslime.Bibliocraft.letter_evelyn": {
                    "Name": "Evelyn",
                    "DisplayName": "{{i18n:moonslime.Bibliocraft.letter_evelyn.name}}",
                    "Description": "{{i18n:moonslime.Bibliocraft.letter_evelyn.description}}",
                    "Type": "building_resources",
                    "Category": -16,
                    "Price": 30,
                    "Texture": "Mods/moonslime.BibliocraftSkill/textures",
                    "SpriteIndex": 9,
                    "Edibility": -300,
                    "IsDrink": false,
                    "CanBeGivenAsGift": false,
                    "ContextTags": [
                        "not_placeable",
                        "moonslime.Bibliocraft.mail"
                    ],
                    "CustomFields": null
                },
                "moonslime.Bibliocraft.letter_george": {
                    "Name": "George",
                    "DisplayName": "{{i18n:moonslime.Bibliocraft.letter_george.name}}",
                    "Description": "{{i18n:moonslime.Bibliocraft.letter_george.description}}",
                    "Type": "building_resources",
                    "Category": -16,
                    "Price": 30,
                    "Texture": "Mods/moonslime.BibliocraftSkill/textures",
                    "SpriteIndex": 9,
                    "Edibility": -300,
                    "IsDrink": false,
                    "CanBeGivenAsGift": false,
                    "ContextTags": [
                        "not_placeable",
                        "moonslime.Bibliocraft.mail"
                    ],
                    "CustomFields": null
                },
                "moonslime.Bibliocraft.letter_gus": {
                    "Name": "Gus",
                    "DisplayName": "{{i18n:moonslime.Bibliocraft.letter_gus.name}}",
                    "Description": "{{i18n:moonslime.Bibliocraft.letter_gus.description}}",
                    "Type": "building_resources",
                    "Category": -16,
                    "Price": 30,
                    "Texture": "Mods/moonslime.BibliocraftSkill/textures",
                    "SpriteIndex": 9,
                    "Edibility": -300,
                    "IsDrink": false,
                    "CanBeGivenAsGift": false,
                    "ContextTags": [
                        "not_placeable",
                        "moonslime.Bibliocraft.mail"
                    ],
                    "CustomFields": null
                },
                "moonslime.Bibliocraft.letter_jas": {
                    "Name": "Jas",
                    "DisplayName": "{{i18n:moonslime.Bibliocraft.letter_jas.name}}",
                    "Description": "{{i18n:moonslime.Bibliocraft.letter_jas.description}}",
                    "Type": "building_resources",
                    "Category": -16,
                    "Price": 30,
                    "Texture": "Mods/moonslime.BibliocraftSkill/textures",
                    "SpriteIndex": 9,
                    "Edibility": -300,
                    "IsDrink": false,
                    "CanBeGivenAsGift": false,
                    "ContextTags": [
                        "not_placeable",
                        "moonslime.Bibliocraft.mail"
                    ],
                    "CustomFields": null
                },
                "moonslime.Bibliocraft.letter_jodi": {
                    "Name": "Jodi",
                    "DisplayName": "{{i18n:moonslime.Bibliocraft.letter_jodi.name}}",
                    "Description": "{{i18n:moonslime.Bibliocraft.letter_jodi.description}}",
                    "Type": "building_resources",
                    "Category": -16,
                    "Price": 30,
                    "Texture": "Mods/moonslime.BibliocraftSkill/textures",
                    "SpriteIndex": 9,
                    "Edibility": -300,
                    "IsDrink": false,
                    "CanBeGivenAsGift": false,
                    "ContextTags": [
                        "not_placeable",
                        "moonslime.Bibliocraft.mail"
                    ],
                    "CustomFields": null
                },
                "moonslime.Bibliocraft.letter_kent": {
                    "Name": "Kent",
                    "DisplayName": "{{i18n:moonslime.Bibliocraft.letter_kent.name}}",
                    "Description": "{{i18n:moonslime.Bibliocraft.letter_kent.description}}",
                    "Type": "building_resources",
                    "Category": -16,
                    "Price": 30,
                    "Texture": "Mods/moonslime.BibliocraftSkill/textures",
                    "SpriteIndex": 9,
                    "Edibility": -300,
                    "IsDrink": false,
                    "CanBeGivenAsGift": false,
                    "ContextTags": [
                        "not_placeable",
                        "moonslime.Bibliocraft.mail"
                    ],
                    "CustomFields": null
                },
                "moonslime.Bibliocraft.letter_lewis": {
                    "Name": "Lewis",
                    "DisplayName": "{{i18n:moonslime.Bibliocraft.letter_lewis.name}}",
                    "Description": "{{i18n:moonslime.Bibliocraft.letter_lewis.description}}",
                    "Type": "building_resources",
                    "Category": -16,
                    "Price": 30,
                    "Texture": "Mods/moonslime.BibliocraftSkill/textures",
                    "SpriteIndex": 9,
                    "Edibility": -300,
                    "IsDrink": false,
                    "CanBeGivenAsGift": false,
                    "ContextTags": [
                        "not_placeable",
                        "moonslime.Bibliocraft.mail"
                    ],
                    "CustomFields": null
                },
                "moonslime.Bibliocraft.letter_marnie": {
                    "Name": "Marnie",
                    "DisplayName": "{{i18n:moonslime.Bibliocraft.letter_marnie.name}}",
                    "Description": "{{i18n:moonslime.Bibliocraft.letter_marnie.description}}",
                    "Type": "building_resources",
                    "Category": -16,
                    "Price": 30,
                    "Texture": "Mods/moonslime.BibliocraftSkill/textures",
                    "SpriteIndex": 9,
                    "Edibility": -300,
                    "IsDrink": false,
                    "CanBeGivenAsGift": false,
                    "ContextTags": [
                        "not_placeable",
                        "moonslime.Bibliocraft.mail"
                    ],
                    "CustomFields": null
                },
                "moonslime.Bibliocraft.letter_pam": {
                    "Name": "Pam",
                    "DisplayName": "{{i18n:moonslime.Bibliocraft.letter_pam.name}}",
                    "Description": "{{i18n:moonslime.Bibliocraft.letter_pam.description}}",
                    "Type": "building_resources",
                    "Category": -16,
                    "Price": 30,
                    "Texture": "Mods/moonslime.BibliocraftSkill/textures",
                    "SpriteIndex": 9,
                    "Edibility": -300,
                    "IsDrink": false,
                    "CanBeGivenAsGift": false,
                    "ContextTags": [
                        "not_placeable",
                        "moonslime.Bibliocraft.mail"
                    ],
                    "CustomFields": null
                },
                "moonslime.Bibliocraft.letter_pierre": {
                    "Name": "Pierre",
                    "DisplayName": "{{i18n:moonslime.Bibliocraft.letter_pierre.name}}",
                    "Description": "{{i18n:moonslime.Bibliocraft.letter_pierre.description}}",
                    "Type": "building_resources",
                    "Category": -16,
                    "Price": 30,
                    "Texture": "Mods/moonslime.BibliocraftSkill/textures",
                    "SpriteIndex": 9,
                    "Edibility": -300,
                    "IsDrink": false,
                    "CanBeGivenAsGift": false,
                    "ContextTags": [
                        "not_placeable",
                        "moonslime.Bibliocraft.mail"
                    ],
                    "CustomFields": null
                },
                "moonslime.Bibliocraft.letter_sandy": {
                    "Name": "Sandy",
                    "DisplayName": "{{i18n:moonslime.Bibliocraft.letter_sandy.name}}",
                    "Description": "{{i18n:moonslime.Bibliocraft.letter_sandy.description}}",
                    "Type": "building_resources",
                    "Category": -16,
                    "Price": 30,
                    "Texture": "Mods/moonslime.BibliocraftSkill/textures",
                    "SpriteIndex": 9,
                    "Edibility": -300,
                    "IsDrink": false,
                    "CanBeGivenAsGift": false,
                    "ContextTags": [
                        "not_placeable",
                        "moonslime.Bibliocraft.mail"
                    ],
                    "CustomFields": null
                },
                "moonslime.Bibliocraft.letter_vincent": {
                    "Name": "Vincent",
                    "DisplayName": "{{i18n:moonslime.Bibliocraft.letter_vincent.name}}",
                    "Description": "{{i18n:moonslime.Bibliocraft.letter_vincent.description}}",
                    "Type": "building_resources",
                    "Category": -16,
                    "Price": 30,
                    "Texture": "Mods/moonslime.BibliocraftSkill/textures",
                    "SpriteIndex": 9,
                    "Edibility": -300,
                    "IsDrink": false,
                    "CanBeGivenAsGift": false,
                    "ContextTags": [
                        "not_placeable",
                        "moonslime.Bibliocraft.mail"
                    ],
                    "CustomFields": null
                },
                "moonslime.Bibliocraft.letter_willy": {
                    "Name": "Willy",
                    "DisplayName": "{{i18n:moonslime.Bibliocraft.letter_willy.name}}",
                    "Description": "{{i18n:moonslime.Bibliocraft.letter_willy.description}}",
                    "Type": "building_resources",
                    "Category": -16,
                    "Price": 30,
                    "Texture": "Mods/moonslime.BibliocraftSkill/textures",
                    "SpriteIndex": 9,
                    "Edibility": -300,
                    "IsDrink": false,
                    "CanBeGivenAsGift": false,
                    "ContextTags": [
                        "not_placeable",
                        "moonslime.Bibliocraft.mail"
                    ],
                    "CustomFields": null
                },
                "moonslime.Bibliocraft.letter_wizard": {
                    "Name": "Wizard",
                    "DisplayName": "{{i18n:moonslime.Bibliocraft.letter_wizard.name}}",
                    "Description": "{{i18n:moonslime.Bibliocraft.letter_wizard.description}}",
                    "Type": "building_resources",
                    "Category": -16,
                    "Price": 30,
                    "Texture": "Mods/moonslime.BibliocraftSkill/textures",
                    "SpriteIndex": 9,
                    "Edibility": -300,
                    "IsDrink": false,
                    "CanBeGivenAsGift": false,
                    "ContextTags": [
                        "not_placeable",
                        "moonslime.Bibliocraft.mail"
                    ],
                    "CustomFields": null
                }
            }
        }
    ]
}
