﻿{
    "Changes": [
        {
            "Action": "EditData",
            "Target": "Data/BigCraftables",
            "TargetField": [
                "moonslime.BibliocraftSkill.Pen_Pal_Desk",
                "CustomFields"
            ],
            "Entries": {
                "leclair.bettercrafting_PerformAction": "leclair.bettercrafting_OpenMenu FALSE TRUE moonslime.BibliocraftSkill.Pen_Pal_Desk"
            }
        },
        {
            "Action": "EditData",
            "Target": "Mods/leclair.bettercrafting/CraftingStations",
            "Entries": {
                "moonslime.BibliocraftSkill.Pen_Pal_Desk": {
                    "Id": "moonslime.BibliocraftSkill.Pen_Pal_Desk",
                    "DisplayName": "{{i18n:moonslime.BibliocraftSkill.Pen_Pal_Desk.name}}",
                    "AreRecipesExclusive": true,
                    "DisplayUnknownRecipes": true,
                    "IncludeUnknownRecipes": true,
                    "Recipes": [
                        "moonslime.Bibliocraft.letter_robin"
                    ]
                }
            }
        }
    ]
}
