﻿{
    "Changes": [
        {
            "Action": "EditData",
            "Target": "Data/BigCraftables",
            "TargetField": [
                "moonslime.Bibliocraft.Pen_Pal_Desk",
                "CustomFields"
            ],
            "Entries": {
                "leclair.bettercrafting_PerformAction": "leclair.bettercrafting_OpenMenu FALSE TRUE moonslime.Bibliocraft.Pen_Pal_Desk"
            }
        },
        {
            "Action": "EditData",
            "Target": "Mods/leclair.bettercrafting/CraftingStations",
            "Entries": {
                "moonslime.Bibliocraft.Pen_Pal_Desk": {
                    "Id": "moonslime.Bibliocraft.Pen_Pal_Desk",
                    "DisplayName": "{{i18n:moonslime.Bibliocraft.Pen_Pal_Desk.name}}",
                    "AreRecipesExclusive": true,
                    "DisplayUnknownRecipes": true,
                    "IncludeUnknownRecipes": true,
                    "Recipes": [
                        "moonslime.Bibliocraft.letter_Victor",
                        "moonslime.Bibliocraft.letter_Susan",
                        "moonslime.Bibliocraft.letter_robin",
                        "moonslime.Bibliocraft.letter_alex",
                        "moonslime.Bibliocraft.letter_elliott",
                        "moonslime.Bibliocraft.letter_harvey",
                        "moonslime.Bibliocraft.letter_sam",
                        "moonslime.Bibliocraft.letter_sebastian",
                        "moonslime.Bibliocraft.letter_shane",
                        "moonslime.Bibliocraft.letter_abigail",
                        "moonslime.Bibliocraft.letter_emily",
                        "moonslime.Bibliocraft.letter_haley",
                        "moonslime.Bibliocraft.letter_leah",
                        "moonslime.Bibliocraft.letter_maru",
                        "moonslime.Bibliocraft.letter_penny",
                        "moonslime.Bibliocraft.letter_caroline",
                        "moonslime.Bibliocraft.letter_clint",
                        "moonslime.Bibliocraft.letter_demetrius",
                        "moonslime.Bibliocraft.letter_evelyn",
                        "moonslime.Bibliocraft.letter_george",
                        "moonslime.Bibliocraft.letter_gus",
                        "moonslime.Bibliocraft.letter_jas",
                        "moonslime.Bibliocraft.letter_jodi",
                        "moonslime.Bibliocraft.letter_kent",
                        "moonslime.Bibliocraft.letter_lewis",
                        "moonslime.Bibliocraft.letter_marnie",
                        "moonslime.Bibliocraft.letter_pam",
                        "moonslime.Bibliocraft.letter_pierre",
                        "moonslime.Bibliocraft.letter_sandy",
                        "moonslime.Bibliocraft.letter_vincent",
                        "moonslime.Bibliocraft.letter_willy",
                        "moonslime.Bibliocraft.letter_wizard",
                        "moonslime.Bibliocraft.letter_Julia",
                        "moonslime.Bibliocraft.letter_Arthur",
                        "moonslime.Bibliocraft.letter_Anderson",
                        "moonslime.Bibliocraft.letter_Victor",
                        "moonslime.Bibliocraft.letter_Susan",
                        "moonslime.Bibliocraft.letter_Sophia",
                        "moonslime.Bibliocraft.letter_Olivia",
                        "moonslime.Bibliocraft.letter_MorrisTod",
                        "moonslime.Bibliocraft.letter_Martin",
                        "moonslime.Bibliocraft.letter_MarlonFay",
                        "moonslime.Bibliocraft.letter_GuntherSilvian",
                        "moonslime.Bibliocraft.letter_Claire",
                        "moonslime.Bibliocraft.letter_Andy",
                        "moonslime.Bibliocraft.letter_Scarlett",
                        "moonslime.Bibliocraft.letter_Lance",
                        "moonslime.Bibliocraft.letter_Morgan"
                    ],
                    "Categories": [
                        {
                            "Id": "moonslime.Bibliocraft.mail.vanilla",
                            "Name": "{{i18n:moonslime.Bibliocraft.mail.vanilla.name}}",
                            "Icon": {
                                "Type": "Item",
                                "ItemId": "moonslime.Bibliocraft.letter_robin"
                            },
                            "Recipes": [
                                "moonslime.Bibliocraft.letter_robin",
                                "moonslime.Bibliocraft.letter_alex",
                                "moonslime.Bibliocraft.letter_elliott",
                                "moonslime.Bibliocraft.letter_harvey",
                                "moonslime.Bibliocraft.letter_sam",
                                "moonslime.Bibliocraft.letter_sebastian",
                                "moonslime.Bibliocraft.letter_shane",
                                "moonslime.Bibliocraft.letter_abigail",
                                "moonslime.Bibliocraft.letter_emily",
                                "moonslime.Bibliocraft.letter_haley",
                                "moonslime.Bibliocraft.letter_leah",
                                "moonslime.Bibliocraft.letter_maru",
                                "moonslime.Bibliocraft.letter_penny",
                                "moonslime.Bibliocraft.letter_caroline",
                                "moonslime.Bibliocraft.letter_clint",
                                "moonslime.Bibliocraft.letter_demetrius",
                                "moonslime.Bibliocraft.letter_evelyn",
                                "moonslime.Bibliocraft.letter_george",
                                "moonslime.Bibliocraft.letter_gus",
                                "moonslime.Bibliocraft.letter_jas",
                                "moonslime.Bibliocraft.letter_jodi",
                                "moonslime.Bibliocraft.letter_kent",
                                "moonslime.Bibliocraft.letter_lewis",
                                "moonslime.Bibliocraft.letter_marnie",
                                "moonslime.Bibliocraft.letter_pam",
                                "moonslime.Bibliocraft.letter_pierre",
                                "moonslime.Bibliocraft.letter_sandy",
                                "moonslime.Bibliocraft.letter_vincent",
                                "moonslime.Bibliocraft.letter_willy",
                                "moonslime.Bibliocraft.letter_wizard"
                            ]
                        },
                        {
                            "Id": "moonslime.Bibliocraft.mail.SVE",
                            "Name": "{{i18n:moonslime.Bibliocraft.mail.SVE.name}}",
                            "Icon": {
                                "Type": "Item",
                                "ItemId": "moonslime.Bibliocraft.letter_robin"
                            },
                            "Recipes": [
                                "moonslime.Bibliocraft.letter_Victor",
                                "moonslime.Bibliocraft.letter_Susan",
                                "moonslime.Bibliocraft.letter_Sophia",
                                "moonslime.Bibliocraft.letter_Olivia",
                                "moonslime.Bibliocraft.letter_MorrisTod",
                                "moonslime.Bibliocraft.letter_Martin",
                                "moonslime.Bibliocraft.letter_MarlonFay",
                                "moonslime.Bibliocraft.letter_GuntherSilvian",
                                "moonslime.Bibliocraft.letter_Claire",
                                "moonslime.Bibliocraft.letter_Andy",
                                "moonslime.Bibliocraft.letter_Scarlett",
                                "moonslime.Bibliocraft.letter_Lance",
                                "moonslime.Bibliocraft.letter_Morgan"
                            ]
                        },
                        {
                            "Id": "moonslime.Bibliocraft.mail.Dowhnhill",
                            "Name": "{{i18n:moonslime.Bibliocraft.mail.Dowhnhill.name}}",
                            "Icon": {
                                "Type": "Item",
                                "ItemId": "moonslime.Bibliocraft.letter_robin"
                            },
                            "Recipes": [
                                "moonslime.Bibliocraft.letter_Julia",
                                "moonslime.Bibliocraft.letter_Arthur",
                                "moonslime.Bibliocraft.letter_Anderson"
                            ]
                        }
                    ]
                }
            }
        }
    ]
}
