﻿{
    "Changes": [
        {
            "Action": "EditData",
            "Target": "Data/Machines",
            "TargetField": [ "(BC)moonslime.Bibliocraft.Letterpress_Workstation", "OutputRules", "Making_a_Letterpress" ],
            "Entries": {
                "MinutesUntilReady": 300
            },
            "When": {
                "HasProfession": "{{TypeSetter}}"
            }
        },
        {
            "Action": "EditData",
            "Target": "Data/Machines",
            "TargetField": [ "(BC)moonslime.Bibliocraft.Letterpress_Inking_Station", "OutputRules", "Inking_a_Letterpress" ],
            "Entries": {
                "MinutesUntilReady": 300
            },
            "When": {
                "HasProfession": "{{TypeSetter}}"
            }
        },
        {
            "Action": "EditData",
            "Target": "Data/Machines",
            "TargetField": [ "(BC)moonslime.Bibliocraft.Printing_Press", "OutputRules", "Printing_Pages" ],
            "Entries": {
                "MinutesUntilReady": 300
            },
            "When": {
                "HasProfession": "{{TypeSetter}}"
            }
        },
        {
            "Action": "EditData",
            "Target": "Data/Machines",
            "TargetField": [ "(BC)moonslime.Bibliocraft.Binding_station", "OutputRules", "Binding_Book" ],
            "Entries": {
                "MinutesUntilReady": 300
            },
            "When": {
                "HasProfession": "{{TypeSetter}}"
            }
        },
        {
            "Action": "EditData",
            "Target": "Data/Machines",
            "TargetField": [ "(BC)moonslime.Bibliocraft.Paper_Press", "OutputRules", "Wood_Pulp_Insert" ],
            "Entries": {
                "MinutesUntilReady": 625
            },
            "When": {
                "HasProfession": "{{TypeSetter}}"
            }
        },
        {
            "Action": "EditData",
            "Target": "Data/Machines",
            "TargetField": [ "(BC)moonslime.Bibliocraft.Paper_Press", "OutputRules", "Hardwood_Pulp_Insert" ],
            "Entries": {
                "MinutesUntilReady": 625
            },
            "When": {
                "HasProfession": "{{TypeSetter}}"
            }
        }
    ]
}
