﻿{
    "Changes": [
        {
            "Action": "EditData",
            "Target": "Data/CraftingRecipes",
            "Entries": {
                "Cookout Kit": "388 4 390 10/Field/926/false/moonslime.Cooking 0/"
            },
            "When": {
                "Enable_Cookout_Kit_Changes": true
            }
        },
        {
            "Action": "EditData",
            "Target": "Data/CraftingRecipes",
            "Entries": {
                "moonslime.Cooking.soda_machine": "388 20 335 5 112 2//moonslime.Cooking.soda_machine/true/moonslime.Cooking 6"
            }
        },
        {
            "Action": "EditData",
            "Target": "Data/CookingRecipes",
            "Entries": {
                "Pumpkin Pie": "276 1 moonslime.Cooking.pie_crust 2/1 10/608 2/l 100/",
                "Rhubarb Pie": "252 1 moonslime.Cooking.pie_crust 1/2 4/222/f Marnie 7/",
                "Bread": "246 2/50 2/216/l 11/"
            }
        },
        {
            "Action": "EditData",
            "Target": "Data/CookingRecipes",
            "Entries": {
                "moonslime.Cooking.green_stew": "MossSoup 1 192 3 457 1/1 10/moonslime.Cooking.green_stew/s Foraging 3/",
                "moonslime.Cooking.green_smoothy": "MossSoup 1 250 4/1 10/moonslime.Cooking.green_smoothy/s Foraging 9/",
                "moonslime.Cooking.pie_crust": "246 1 -6 1 245 1//moonslime.Cooking.pie_crust/moonslime.Cooking 1/",
                "moonslime.Cooking.rice": "423 3//moonslime.Cooking.rice/moonslime.Cooking 1/",
                "moonslime.Cooking.banana_field_snack": "403 1 91 1//moonslime.Cooking.banana_field_snack/moonslime.Cooking 1/",
                "moonslime.Cooking.strawberry_pie": "400 3 moonslime.Cooking.pie_crust 1//moonslime.Cooking.strawberry_pie/moonslime.Cooking 1/",
                "moonslime.Cooking.mushroom_rice": "423 3 404 2//moonslime.Cooking.mushroom_rice/moonslime.Cooking 2/",
                "moonslime.Cooking.spring_onion_soup": "399 5//moonslime.Cooking.spring_onion_soup/moonslime.Cooking 2/",
                "moonslime.Cooking.fries": "192 3 256 1//moonslime.Cooking.fries/moonslime.Cooking 2/",
                "moonslime.Cooking.caramel_miner_treat": "243 1 245 2//moonslime.Cooking.caramel_miner_treat/moonslime.Cooking 3/",
                "moonslime.Cooking.fishers_breakfast": "242 1 256 1//moonslime.Cooking.fishers_breakfast/moonslime.Cooking 3/",
                "moonslime.Cooking.cream_pie": "-6 3 moonslime.Cooking.pie_crust 1//moonslime.Cooking.cream_pie/moonslime.Cooking 3/",
                "moonslime.Cooking.ramen": "152 2 399 1 246 1 -4 1//moonslime.Cooking.ramen/moonslime.Cooking 4/",
                "moonslime.Cooking.tomato_soup": "256 5//moonslime.Cooking.tomato_soup/moonslime.Cooking 4/",
                "moonslime.Cooking.egg_burrito": "195 1 424 1 229 1//moonslime.Cooking.egg_burrito/moonslime.Cooking 4/",
                "moonslime.Cooking.oeuf": "-5 1 216 1//moonslime.Cooking.oeuf/moonslime.Cooking 6/",
                "moonslime.Cooking.egg_ramen": "-5 2 moonslime.Cooking.ramen 1//moonslime.Cooking.egg_ramen/moonslime.Cooking 6/",
                "moonslime.Cooking.fish_pie": "-4 1 moonslime.Cooking.pie_crust 1//moonslime.Cooking.fish_pie/moonslime.Cooking 6/",
                "moonslime.Cooking.eggnog": "-5 3 -6 3 245 3//moonslime.Cooking.eggnog/moonslime.Cooking 7/",
                "moonslime.Cooking.apple_pie": "613 3 moonslime.Cooking.pie_crust 1//moonslime.Cooking.apple_pie/moonslime.Cooking 7/",
                "moonslime.Cooking.egg_sandwhich": "-5 1 250 2 256 2 216 1//moonslime.Cooking.egg_sandwhich/moonslime.Cooking 7/",
                "moonslime.Cooking.tomatoe_cheese_omelet": "195 1 424 1 256 1//moonslime.Cooking.tomatoe_cheese_omelet/moonslime.Cooking 8/",
                "moonslime.Cooking.wizards_brew": "872 2 moonslime.Cooking.eggnog 1//moonslime.Cooking.wizards_brew/moonslime.Cooking 8/",
                "moonslime.Cooking.nigiri": "148 3//moonslime.Cooking.nigiri/moonslime.Cooking 8/",
                "moonslime.Cooking.seafoam_icecream": "265 1 233 1//moonslime.Cooking.seafoam_icecream/moonslime.Cooking 9/",
                "moonslime.Cooking.wizard_casserole": "422 2 188 2 246 2 155 2//moonslime.Cooking.wizard_casserole/moonslime.Cooking 9/",
                "moonslime.Cooking.anchovy_pizza": "206 1 129 8//moonslime.Cooking.anchovy_pizza/moonslime.Cooking 9/"
            }
        }
    ]
}
