﻿{
    "Changes": [
        {
            "Action": "EditData",
            "Target": "Data/Objects",
            "TargetField": [ "moonslime.Cooking.strawberry_pie", "Buffs", "Food", "CustomFields" ],
            "Entries": {
                "spacechase.SpaceCore.SkillBuff.drbirbdev.Socializing": "1"
            }
        },
        {
            "Action": "EditData",
            "Target": "Data/Objects",
            "TargetField": [ "moonslime.Cooking.cream_pie", "Buffs", "Food", "CustomFields" ],
            "Entries": {
                "spacechase.SpaceCore.SkillBuff.drbirbdev.Socializing": "3"
            }
        },
        {
            "Action": "EditData",
            "Target": "Data/Objects",
            "TargetField": [ "moonslime.Cooking.ramen", "Buffs", "Food", "CustomFields" ],
            "Entries": {
                "spacechase.SpaceCore.SkillBuff.drbirbdev.Socializing": "1"
            }
        },

        {
            "Action": "EditData",
            "Target": "Data/Objects",
            "TargetField": [ "moonslime.Cooking.egg_ramen", "Buffs", "Food", "CustomFields" ],
            "Entries": {
                "spacechase.SpaceCore.SkillBuff.drbirbdev.Socializing": "2"
            }
        },

        {
            "Action": "EditData",
            "Target": "Data/Objects",
            "TargetField": [ "moonslime.Cooking.anchovy_pizza", "Buffs", "Food", "CustomFields" ],
            "Entries": {
                "spacechase.SpaceCore.SkillBuff.drbirbdev.Socializing": "2"
            }
        },

        {
            "Action": "EditData",
            "Target": "Data/Objects",
            "TargetField": [ "moonslime.Cooking.wizards_brew", "Buffs", "Drink", "CustomFields" ],
            "Entries": {
                "spacechase.SpaceCore.SkillBuff.drbirbdev.Socializing": "5"
            }
        },
        {
            "Action": "EditData",
            "Target": "Data/Objects",
            "TargetField": [ "moonslime.Cooking.wizard_casserole", "Buffs", "Food", "CustomFields" ],
            "Entries": {
                "spacechase.SpaceCore.SkillBuff.drbirbdev.Socializing": "5"
            }
        }
    ]
}
