﻿{
    "Changes": [
        {
            "Action": "EditData",
            "Target": "Data/Objects",
            "Fields": {
                "moonslime.Cooking.strawberry_pie": {
                    "Buffs": [
                        {
                            "Id": "Food",
                            "BuffId": null,
                            "IconTexture": null,
                            "IconSpriteIndex": 0,
                            "Duration": 480,
                            "IsDebuff": false,
                            "GlowColor": null,
                            "CustomAttributes": {
                                "FarmingLevel": 1,
                                "FishingLevel": 0,
                                "MiningLevel": 0,
                                "LuckLevel": 3,
                                "ForagingLevel": 0,
                                "MaxStamina": 0,
                                "MagneticRadius": 0,
                                "Speed": 0,
                                "Defense": 0,
                                "Attack": 0
                            },
                            "CustomFields": {
                                "spacechase.SpaceCore.SkillBuff.drbirbdev.Socializing": "1"
                            }
                        }
                    ]
                },
                "moonslime.Cooking.cream_pie": {
                    "Buffs": [
                        {
                            "Id": "Food",
                            "BuffId": null,
                            "IconTexture": null,
                            "IconSpriteIndex": 0,
                            "Duration": 480,
                            "IsDebuff": false,
                            "GlowColor": null,
                            "CustomAttributes": {
                                "FarmingLevel": 3,
                                "FishingLevel": 0,
                                "MiningLevel": 0,
                                "LuckLevel": 0,
                                "ForagingLevel": 0,
                                "MaxStamina": 0,
                                "MagneticRadius": 0,
                                "Speed": 0,
                                "Defense": 0,
                                "Attack": 0
                            },
                            "CustomFields": {
                                "spacechase.SpaceCore.SkillBuff.drbirbdev.Socializing": "1"
                            }
                        }
                    ]
                },

                "moonslime.Cooking.ramen": {
                    "Buffs": [
                        {
                            "Id": "Food",
                            "BuffId": null,
                            "IconTexture": null,
                            "IconSpriteIndex": 0,
                            "Duration": 480,
                            "IsDebuff": false,
                            "GlowColor": null,
                            "CustomAttributes": {
                                "FarmingLevel": 0,
                                "FishingLevel": 0,
                                "MiningLevel": 0,
                                "LuckLevel": 1,
                                "ForagingLevel": 0,
                                "MaxStamina": 0,
                                "MagneticRadius": 0,
                                "Speed": 0,
                                "Defense": 3,
                                "Attack": 0
                            },
                            "CustomFields": {
                                "spacechase.SpaceCore.SkillBuff.drbirbdev.Socializing": "2"
                            }
                        }
                    ]
                },

                "moonslime.Cooking.egg_ramen": {
                    "Buffs": [
                        {
                            "Id": "Food",
                            "BuffId": null,
                            "IconTexture": null,
                            "IconSpriteIndex": 0,
                            "Duration": 580,
                            "IsDebuff": false,
                            "GlowColor": null,
                            "CustomAttributes": {
                                "FarmingLevel": 0,
                                "FishingLevel": 0,
                                "MiningLevel": 0,
                                "LuckLevel": 1,
                                "ForagingLevel": 0,
                                "MaxStamina": 0,
                                "MagneticRadius": 0,
                                "Speed": 0,
                                "Defense": 4,
                                "Attack": 0
                            },
                            "CustomFields": {
                                "spacechase.SpaceCore.SkillBuff.drbirbdev.Socializing": "4"
                            }
                        }
                    ]
                },

                "moonslime.Cooking.anchovy_pizza": {
                    "Buffs": [
                        {
                            "Id": "Food",
                            "BuffId": null,
                            "IconTexture": null,
                            "IconSpriteIndex": 0,
                            "Duration": 480,
                            "IsDebuff": false,
                            "GlowColor": null,
                            "CustomAttributes": {
                                "FarmingLevel": 0,
                                "FishingLevel": 3,
                                "MiningLevel": 0,
                                "LuckLevel": 0,
                                "ForagingLevel": 0,
                                "MaxStamina": 32,
                                "MagneticRadius": 0,
                                "Speed": 0,
                                "Defense": 0,
                                "Attack": 0
                            },
                            "CustomFields": {
                                "spacechase.SpaceCore.SkillBuff.drbirbdev.Socializing": "2"
                            }
                        }
                    ]
                }
            }
        }
    ]
}
