﻿{
    "Changes": [
        {
            "Action": "EditData",
            "Target": "Data/BigCraftables",
            "Entries": {
                "moonslime.Cooking.oven": {
                    "Name": "Yeast Cultivator",
                    "DisplayName": "{{i18n:moonslime.Cooking.oven.name}}",
                    "Description": "{{i18n:moonslime.Cooking.oven.description}}",
                    "Price": 50,
                    "Texture": "Mods/moonslime.CookingSkill/objects/textures",
                    "SpriteIndex": 15
                },
                "moonslime.Cooking.soda_machine": {
                    "Name": "Soda Machine",
                    "DisplayName": "{{i18n:moonslime.Cooking.soda_machine.name}}",
                    "Description": "{{i18n:moonslime.Cooking.soda_machine.description}}",
                    "Price": 50,
                    "Texture": "Mods/moonslime.CookingSkill/objects/textures",
                    "SpriteIndex": 17
                }
            }
        },
        {
            "Action": "EditData",
            "Target": "Data/Objects",
            "Entries": {
                "moonslime.Cooking.pie_crust": {
                    "Name": "Pie Crust",
                    "DisplayName": "{{i18n:moonslime.Cooking.pie_crust.name}}",
                    "Description": "{{i18n:moonslime.Cooking.pie_crust.description}}",
                    "Type": "Cooking",
                    "Category": -7,
                    "Price": 100,
                    "Texture": "Mods/moonslime.CookingSkill/objects/textures",
                    "SpriteIndex": 0,
                    "Edibility": 10,
                    "IsDrink": false,
                    "Buffs": null,
                    "GeodeDropsDefaultItems": false,
                    "GeodeDrops": null,
                    "ArtifactSpotChances": null,
                    "ExcludeFromFishingCollection": true,
                    "ExcludeFromShippingCollection": true,
                    "ExcludeFromRandomSale": false,
                    "ContextTags": [
                        "color_white",
                        "food_sweet"
                    ],
                    "CustomFields": null
                },
                "moonslime.Cooking.apple_pie": {
                    "Name": "Apple Pie",
                    "DisplayName": "{{i18n:moonslime.Cooking.apple_pie.name}}",
                    "Description": "{{i18n:moonslime.Cooking.apple_pie.description}}",
                    "Type": "Cooking",
                    "Category": -7,
                    "Price": 500,
                    "Texture": "Mods/moonslime.CookingSkill/objects/textures",
                    "SpriteIndex": 1,
                    "Edibility": 50,
                    "IsDrink": false,
                    "Buffs": [
                        {
                            "Id": "Food",
                            "BuffId": null,
                            "IconTexture": null,
                            "IconSpriteIndex": 0,
                            "Duration": 480,
                            "IsDebuff": false,
                            "GlowColor": null,
                            "CustomAttributes": {
                                "FarmingLevel": 5,
                                "FishingLevel": 0,
                                "MiningLevel": 0,
                                "LuckLevel": 0,
                                "ForagingLevel": 5,
                                "MaxStamina": 0,
                                "MagneticRadius": 0,
                                "Speed": 0,
                                "Defense": 0,
                                "Attack": 0
                            },
                            "CustomFields": {}
                        }
                    ],
                    "GeodeDropsDefaultItems": false,
                    "GeodeDrops": null,
                    "ArtifactSpotChances": null,
                    "ExcludeFromFishingCollection": true,
                    "ExcludeFromShippingCollection": true,
                    "ExcludeFromRandomSale": false,
                    "ContextTags": [
                        "color_white",
                        "food_sweet"
                    ],
                    "CustomFields": null
                },
                "moonslime.Cooking.strawberry_pie": {
                    "Name": "Strawberry Pie",
                    "DisplayName": "{{i18n:moonslime.Cooking.strawberry_pie.name}}",
                    "Description": "{{i18n:moonslime.Cooking.strawberry_pie.description}}",
                    "Type": "Cooking",
                    "Category": -7,
                    "Price": 400,
                    "Texture": "Mods/moonslime.CookingSkill/objects/textures",
                    "SpriteIndex": 2,
                    "Edibility": 70,
                    "IsDrink": false,
                    "Buffs": [
                        {
                            "Id": "Food",
                            "BuffId": null,
                            "IconTexture": null,
                            "IconSpriteIndex": 0,
                            "Duration": 480,
                            "IsDebuff": false,
                            "GlowColor": null,
                            "CustomAttributes": {
                                "FarmingLevel": 1,
                                "FishingLevel": 0,
                                "MiningLevel": 0,
                                "LuckLevel": 3,
                                "ForagingLevel": 0,
                                "MaxStamina": 0,
                                "MagneticRadius": 0,
                                "Speed": 0,
                                "Defense": 0,
                                "Attack": 0
                            },
                            "CustomFields": {
                            }
                        }
                    ],
                    "GeodeDropsDefaultItems": false,
                    "GeodeDrops": null,
                    "ArtifactSpotChances": null,
                    "ExcludeFromFishingCollection": true,
                    "ExcludeFromShippingCollection": true,
                    "ExcludeFromRandomSale": false,
                    "ContextTags": [
                        "color_white",
                        "food_sweet"
                    ],
                    "CustomFields": null
                },
                "moonslime.Cooking.fish_pie": {
                    "Name": "Fish Pie",
                    "DisplayName": "{{i18n:moonslime.Cooking.fish_pie.name}}",
                    "Description": "{{i18n:moonslime.Cooking.fish_pie.description}}",
                    "Type": "Cooking",
                    "Category": -7,
                    "Price": 200,
                    "Texture": "Mods/moonslime.CookingSkill/objects/textures",
                    "SpriteIndex": 3,
                    "Edibility": 40,
                    "IsDrink": false,
                    "Buffs": [
                        {
                            "Id": "Food",
                            "BuffId": null,
                            "IconTexture": null,
                            "IconSpriteIndex": 0,
                            "Duration": 480,
                            "IsDebuff": false,
                            "GlowColor": null,
                            "CustomAttributes": {
                                "FarmingLevel": 0,
                                "FishingLevel": 1,
                                "MiningLevel": 0,
                                "LuckLevel": 0,
                                "ForagingLevel": 0,
                                "MaxStamina": 64,
                                "MagneticRadius": 0,
                                "Speed": 0,
                                "Defense": 0,
                                "Attack": 0
                            },
                            "CustomFields": {}
                        }
                    ],
                    "GeodeDropsDefaultItems": false,
                    "GeodeDrops": null,
                    "ArtifactSpotChances": null,
                    "ExcludeFromFishingCollection": true,
                    "ExcludeFromShippingCollection": true,
                    "ExcludeFromRandomSale": false,
                    "ContextTags": [
                        "color_white",
                        "food_sweet"
                    ],
                    "CustomFields": null
                },
                "moonslime.Cooking.cream_pie": {
                    "Name": "Cream Pie",
                    "DisplayName": "{{i18n:moonslime.Cooking.cream_pie.name}}",
                    "Description": "{{i18n:moonslime.Cooking.cream_pie.description}}",
                    "Type": "Cooking",
                    "Category": -7,
                    "Price": 500,
                    "Texture": "Mods/moonslime.CookingSkill/objects/textures",
                    "SpriteIndex": 4,
                    "Edibility": 45,
                    "IsDrink": false,
                    "Buffs": [
                        {
                            "Id": "Food",
                            "BuffId": null,
                            "IconTexture": null,
                            "IconSpriteIndex": 0,
                            "Duration": 480,
                            "IsDebuff": false,
                            "GlowColor": null,
                            "CustomAttributes": {
                                "FarmingLevel": 3,
                                "FishingLevel": 0,
                                "MiningLevel": 0,
                                "LuckLevel": 0,
                                "ForagingLevel": 0,
                                "MaxStamina": 0,
                                "MagneticRadius": 0,
                                "Speed": 0,
                                "Defense": 0,
                                "Attack": 0
                            },
                            "CustomFields": {
                            }
                        }
                    ],
                    "GeodeDropsDefaultItems": false,
                    "GeodeDrops": null,
                    "ArtifactSpotChances": null,
                    "ExcludeFromFishingCollection": true,
                    "ExcludeFromShippingCollection": true,
                    "ExcludeFromRandomSale": false,
                    "ContextTags": [
                        "color_white",
                        "food_sweet"
                    ],
                    "CustomFields": null
                },
                "moonslime.Cooking.caramel_miner_treat": {
                    "Name": "Caramel Dipped Miner's Treat",
                    "DisplayName": "{{i18n:moonslime.Cooking.caramel_miner_treat.name}}",
                    "Description": "{{i18n:moonslime.Cooking.caramel_miner_treat.description}}",
                    "Type": "Cooking",
                    "Category": -7,
                    "Price": 300,
                    "Texture": "Mods/moonslime.CookingSkill/objects/textures",
                    "SpriteIndex": 5,
                    "Edibility": 60,
                    "IsDrink": false,
                    "Buffs": [
                        {
                            "Id": "Food",
                            "BuffId": null,
                            "IconTexture": null,
                            "IconSpriteIndex": 0,
                            "Duration": 480,
                            "IsDebuff": false,
                            "GlowColor": null,
                            "CustomAttributes": {
                                "FarmingLevel": 0,
                                "FishingLevel": 0,
                                "MiningLevel": 3,
                                "LuckLevel": 0,
                                "ForagingLevel": 0,
                                "MaxStamina": 0,
                                "MagneticRadius": 64,
                                "Speed": 0,
                                "Defense": 0,
                                "Attack": 0
                            },
                            "CustomFields": {}
                        }
                    ],
                    "GeodeDropsDefaultItems": false,
                    "GeodeDrops": null,
                    "ArtifactSpotChances": null,
                    "ExcludeFromFishingCollection": true,
                    "ExcludeFromShippingCollection": true,
                    "ExcludeFromRandomSale": false,
                    "ContextTags": [
                        "color_white",
                        "food_sweet"
                    ],
                    "CustomFields": null
                },
                "moonslime.Cooking.banana_field_snack": {
                    "Name": "Field Snack with Banana",
                    "DisplayName": "{{i18n:moonslime.Cooking.banana_field_snack.name}}",
                    "Description": "{{i18n:moonslime.Cooking.banana_field_snack.description}}",
                    "Type": "Cooking",
                    "Category": -7,
                    "Price": 200,
                    "Texture": "Mods/moonslime.CookingSkill/objects/textures",
                    "SpriteIndex": 6,
                    "Edibility": 58,
                    "IsDrink": false,
                    "Buffs": [
                        {
                            "Id": "Food",
                            "BuffId": null,
                            "IconTexture": null,
                            "IconSpriteIndex": 0,
                            "Duration": 480,
                            "IsDebuff": false,
                            "GlowColor": null,
                            "CustomAttributes": {
                                "FarmingLevel": 0,
                                "FishingLevel": 0,
                                "MiningLevel": 0,
                                "LuckLevel": 0,
                                "ForagingLevel": 1,
                                "MaxStamina": 18,
                                "MagneticRadius": 0,
                                "Speed": 0,
                                "Defense": 0,
                                "Attack": 0
                            },
                            "CustomFields": {}
                        }
                    ],
                    "GeodeDropsDefaultItems": false,
                    "GeodeDrops": null,
                    "ArtifactSpotChances": null,
                    "ExcludeFromFishingCollection": true,
                    "ExcludeFromShippingCollection": true,
                    "ExcludeFromRandomSale": false,
                    "ContextTags": [
                        "color_brown",
                        "food_sweet"
                    ],
                    "CustomFields": null
                },
                "moonslime.Cooking.fishers_breakfast": {
                    "Name": "Fisher's Breakfast",
                    "DisplayName": "{{i18n:moonslime.Cooking.fishers_breakfast.name}}",
                    "Description": "{{i18n:moonslime.Cooking.fishers_breakfast.description}}",
                    "Type": "Cooking",
                    "Category": -7,
                    "Price": 300,
                    "Texture": "Mods/moonslime.CookingSkill/objects/textures",
                    "SpriteIndex": 7,
                    "Edibility": 70,
                    "IsDrink": false,
                    "Buffs": [
                        {
                            "Id": "Food",
                            "BuffId": null,
                            "IconTexture": null,
                            "IconSpriteIndex": 0,
                            "Duration": 580,
                            "IsDebuff": false,
                            "GlowColor": null,
                            "CustomAttributes": {
                                "FarmingLevel": 0,
                                "FishingLevel": 3,
                                "MiningLevel": 0,
                                "LuckLevel": 0,
                                "ForagingLevel": 0,
                                "MaxStamina": 0,
                                "MagneticRadius": 0,
                                "Speed": 0,
                                "Defense": 0,
                                "Attack": 0
                            },
                            "CustomFields": {}
                        }
                    ],
                    "GeodeDropsDefaultItems": false,
                    "GeodeDrops": null,
                    "ArtifactSpotChances": null,
                    "ExcludeFromFishingCollection": true,
                    "ExcludeFromShippingCollection": true,
                    "ExcludeFromRandomSale": false,
                    "ContextTags": [
                        "color_white",
                        "food_sweet"
                    ],
                    "CustomFields": null
                },
                "moonslime.Cooking.seafoam_icecream": {
                    "Name": "Seafoam Icecream",
                    "DisplayName": "{{i18n:moonslime.Cooking.seafoam_icecream.name}}",
                    "Description": "{{i18n:moonslime.Cooking.seafoam_icecream.description}}",
                    "Type": "Cooking",
                    "Category": -7,
                    "Price": 450,
                    "Texture": "Mods/moonslime.CookingSkill/objects/textures",
                    "SpriteIndex": 8,
                    "Edibility": 110,
                    "IsDrink": false,
                    "Buffs": [
                        {
                            "Id": "Food",
                            "BuffId": null,
                            "IconTexture": null,
                            "IconSpriteIndex": 0,
                            "Duration": 480,
                            "IsDebuff": false,
                            "GlowColor": null,
                            "CustomAttributes": {
                                "FarmingLevel": 0,
                                "FishingLevel": 5,
                                "MiningLevel": 0,
                                "LuckLevel": 0,
                                "ForagingLevel": 0,
                                "MaxStamina": 0,
                                "MagneticRadius": 0,
                                "Speed": 0,
                                "Defense": 0,
                                "Attack": 0
                            },
                            "CustomFields": {}
                        }
                    ],
                    "GeodeDropsDefaultItems": false,
                    "GeodeDrops": null,
                    "ArtifactSpotChances": null,
                    "ExcludeFromFishingCollection": true,
                    "ExcludeFromShippingCollection": true,
                    "ExcludeFromRandomSale": false,
                    "ContextTags": [
                        "color_blue",
                        "food_seafood",
                        "food_sweet"
                    ],
                    "CustomFields": null
                },
                "moonslime.Cooking.tomato_soup": {
                    "Name": "Tomato Soup",
                    "DisplayName": "{{i18n:moonslime.Cooking.tomato_soup.name}}",
                    "Description": "{{i18n:moonslime.Cooking.tomato_soup.description}}",
                    "Type": "Cooking",
                    "Category": -7,
                    "Price": 310,
                    "Texture": "Mods/moonslime.CookingSkill/objects/textures",
                    "SpriteIndex": 9,
                    "Edibility": 45,
                    "IsDrink": false,
                    "Buffs": [
                        {
                            "Id": "Food",
                            "BuffId": null,
                            "IconTexture": null,
                            "IconSpriteIndex": 0,
                            "Duration": 480,
                            "IsDebuff": false,
                            "GlowColor": null,
                            "CustomAttributes": {
                                "FarmingLevel": 0,
                                "FishingLevel": 0,
                                "MiningLevel": 0,
                                "LuckLevel": 0,
                                "ForagingLevel": 1,
                                "MaxStamina": 0,
                                "MagneticRadius": 0,
                                "Speed": 0,
                                "Defense": 0,
                                "Attack": 0
                            },
                            "CustomFields": {
                            }
                        }
                    ],
                    "GeodeDropsDefaultItems": false,
                    "GeodeDrops": null,
                    "ArtifactSpotChances": null,
                    "ExcludeFromFishingCollection": true,
                    "ExcludeFromShippingCollection": true,
                    "ExcludeFromRandomSale": false,
                    "ContextTags": [
                        "color_red",
                        "dye_medium"
                    ],
                    "CustomFields": null
                },
                "moonslime.Cooking.oeuf": {
                    "Name": "Oeuf a La Coque",
                    "DisplayName": "{{i18n:moonslime.Cooking.oeuf.name}}",
                    "Description": "{{i18n:moonslime.Cooking.oeuf.description}}",
                    "Type": "Cooking",
                    "Category": -7,
                    "Price": 60,
                    "Texture": "Mods/moonslime.CookingSkill/objects/textures",
                    "SpriteIndex": 10,
                    "Edibility": 20,
                    "IsDrink": false,
                    "Buffs": [
                        {
                            "Id": "Food",
                            "BuffId": null,
                            "IconTexture": null,
                            "IconSpriteIndex": 0,
                            "Duration": 480,
                            "IsDebuff": false,
                            "GlowColor": null,
                            "CustomAttributes": {
                                "FarmingLevel": 0,
                                "FishingLevel": 0,
                                "MiningLevel": 0,
                                "LuckLevel": 0,
                                "ForagingLevel": 0,
                                "MaxStamina": 0,
                                "MagneticRadius": 0,
                                "Speed": 0,
                                "Defense": 0,
                                "Attack": 0
                            },
                            "CustomFields": {
                                "spacechase.SpaceCore.SkillBuff.moonslime.Cooking": "3"
                            }
                        }
                    ],
                    "GeodeDropsDefaultItems": false,
                    "GeodeDrops": null,
                    "ArtifactSpotChances": null,
                    "ExcludeFromFishingCollection": true,
                    "ExcludeFromShippingCollection": true,
                    "ExcludeFromRandomSale": false,
                    "ContextTags": [
                        "color_white",
                        "food_sweet"
                    ],
                    "CustomFields": null
                },
                "moonslime.Cooking.tomatoe_cheese_omelet": {
                    "Name": "Cheesy Veggie Omelete",
                    "DisplayName": "{{i18n:moonslime.Cooking.tomatoe_cheese_omelet.name}}",
                    "Description": "{{i18n:moonslime.Cooking.tomatoe_cheese_omelet.description}}",
                    "Type": "Cooking",
                    "Category": -7,
                    "Price": 460,
                    "Texture": "Mods/moonslime.CookingSkill/objects/textures",
                    "SpriteIndex": 11,
                    "Edibility": 100,
                    "IsDrink": false,
                    "Buffs": [
                        {
                            "Id": "Food",
                            "BuffId": null,
                            "IconTexture": null,
                            "IconSpriteIndex": 0,
                            "Duration": 580,
                            "IsDebuff": false,
                            "GlowColor": null,
                            "CustomAttributes": {
                                "FarmingLevel": 0,
                                "FishingLevel": 0,
                                "MiningLevel": 0,
                                "LuckLevel": 0,
                                "ForagingLevel": 0,
                                "MaxStamina": 90,
                                "MagneticRadius": 0,
                                "Speed": 0,
                                "Defense": 3,
                                "Attack": 3
                            },
                            "CustomFields": {}
                        }
                    ],
                    "GeodeDropsDefaultItems": false,
                    "GeodeDrops": null,
                    "ArtifactSpotChances": null,
                    "ExcludeFromFishingCollection": true,
                    "ExcludeFromShippingCollection": true,
                    "ExcludeFromRandomSale": false,
                    "ContextTags": [
                        "color_white",
                        "food_breakfast"
                    ],
                    "CustomFields": null
                },
                "moonslime.Cooking.wizards_brew": {
                    "Name": "Wizard's Brew",
                    "DisplayName": "{{i18n:moonslime.Cooking.wizards_brew.name}}",
                    "Description": "{{i18n:moonslime.Cooking.wizards_brew.description}}",
                    "Type": "Cooking",
                    "Category": -7,
                    "Price": 1000,
                    "Texture": "Mods/moonslime.CookingSkill/objects/textures",
                    "SpriteIndex": 12,
                    "Edibility": -60,
                    "IsDrink": true,
                    "Buffs": [
                        {
                            "Id": "Drink",
                            "BuffId": null,
                            "IconTexture": null,
                            "IconSpriteIndex": 0,
                            "Duration": 87,
                            "IsDebuff": false,
                            "GlowColor": null,
                            "CustomAttributes": {
                                "FarmingLevel": 5,
                                "FishingLevel": 5,
                                "MiningLevel": 5,
                                "LuckLevel": 5,
                                "ForagingLevel": 5,
                                "MaxStamina": 32,
                                "MagneticRadius": 32,
                                "Speed": 5,
                                "Defense": 5,
                                "Attack": 5
                            },
                            "CustomFields": {
                                "spacechase.SpaceCore.SkillBuff.moonslime.Cooking": "5"
                            }
                        }
                    ],
                    "GeodeDropsDefaultItems": false,
                    "GeodeDrops": null,
                    "ArtifactSpotChances": null,
                    "ExcludeFromFishingCollection": true,
                    "ExcludeFromShippingCollection": true,
                    "ExcludeFromRandomSale": false,
                    "ContextTags": [
                        "color_white",
                        "food_sweet",
                        "moonslime.ManaBarApi.ManaFill/50"
                    ],
                    "CustomFields": null
                },
                "moonslime.Cooking.ramen": {
                    "Name": "Ramen",
                    "DisplayName": "{{i18n:moonslime.Cooking.ramen.name}}",
                    "Description": "{{i18n:moonslime.Cooking.ramen.description}}",
                    "Type": "Cooking",
                    "Category": -7,
                    "Price": 250,
                    "Texture": "Mods/moonslime.CookingSkill/objects/textures",
                    "SpriteIndex": 13,
                    "Edibility": 25,
                    "IsDrink": false,
                    "Buffs": [
                        {
                            "Id": "Food",
                            "BuffId": null,
                            "IconTexture": null,
                            "IconSpriteIndex": 0,
                            "Duration": 480,
                            "IsDebuff": false,
                            "GlowColor": null,
                            "CustomAttributes": {
                                "FarmingLevel": 0,
                                "FishingLevel": 0,
                                "MiningLevel": 0,
                                "LuckLevel": 1,
                                "ForagingLevel": 0,
                                "MaxStamina": 0,
                                "MagneticRadius": 0,
                                "Speed": 0,
                                "Defense": 3,
                                "Attack": 0
                            },
                            "CustomFields": {
                            }
                        }
                    ],
                    "GeodeDropsDefaultItems": false,
                    "GeodeDrops": null,
                    "ArtifactSpotChances": null,
                    "ExcludeFromFishingCollection": true,
                    "ExcludeFromShippingCollection": true,
                    "ExcludeFromRandomSale": false,
                    "ContextTags": [
                        "color_green",
                        "food_sweet"
                    ],
                    "CustomFields": null
                },
                "moonslime.Cooking.egg_ramen": {
                    "Name": "Egg Ramen",
                    "DisplayName": "{{i18n:moonslime.Cooking.egg_ramen.name}}",
                    "Description": "{{i18n:moonslime.Cooking.egg_ramen.description}}",
                    "Type": "Cooking",
                    "Category": -7,
                    "Price": 400,
                    "Texture": "Mods/moonslime.CookingSkill/objects/textures",
                    "SpriteIndex": 14,
                    "Edibility": 50,
                    "IsDrink": false,
                    "Buffs": [
                        {
                            "Id": "Food",
                            "BuffId": null,
                            "IconTexture": null,
                            "IconSpriteIndex": 0,
                            "Duration": 580,
                            "IsDebuff": false,
                            "GlowColor": null,
                            "CustomAttributes": {
                                "FarmingLevel": 0,
                                "FishingLevel": 0,
                                "MiningLevel": 0,
                                "LuckLevel": 1,
                                "ForagingLevel": 0,
                                "MaxStamina": 0,
                                "MagneticRadius": 0,
                                "Speed": 0,
                                "Defense": 4,
                                "Attack": 0
                            },
                            "CustomFields": {
                            }
                        }
                    ],
                    "GeodeDropsDefaultItems": false,
                    "GeodeDrops": null,
                    "ArtifactSpotChances": null,
                    "ExcludeFromFishingCollection": true,
                    "ExcludeFromShippingCollection": true,
                    "ExcludeFromRandomSale": false,
                    "ContextTags": [
                        "color_white",
                        "food_sweet"
                    ],
                    "CustomFields": null
                },
                "moonslime.Cooking.fries": {
                    "Name": "Fries and Ketchup",
                    "DisplayName": "{{i18n:moonslime.Cooking.fries.name}}",
                    "Description": "{{i18n:moonslime.Cooking.fries.description}}",
                    "Type": "Cooking",
                    "Category": -7,
                    "Price": 240,
                    "Texture": "Mods/moonslime.CookingSkill/objects/textures",
                    "SpriteIndex": 15,
                    "Edibility": 28,
                    "IsDrink": false,
                    "Buffs": [
                        {
                            "Id": "Food",
                            "BuffId": null,
                            "IconTexture": null,
                            "IconSpriteIndex": 0,
                            "Duration": 480,
                            "IsDebuff": false,
                            "GlowColor": null,
                            "CustomAttributes": {
                                "FarmingLevel": 1,
                                "FishingLevel": 0,
                                "MiningLevel": 0,
                                "LuckLevel": 0,
                                "ForagingLevel": 0,
                                "MaxStamina": 0,
                                "MagneticRadius": 0,
                                "Speed": 0,
                                "Defense": 0,
                                "Attack": 2
                            },
                            "CustomFields": {}
                        }
                    ],
                    "GeodeDropsDefaultItems": false,
                    "GeodeDrops": null,
                    "ArtifactSpotChances": null,
                    "ExcludeFromFishingCollection": true,
                    "ExcludeFromShippingCollection": true,
                    "ExcludeFromRandomSale": false,
                    "ContextTags": [
                        "color_brown",
                        "dye_medium",
                        "food_sweet"
                    ],
                    "CustomFields": null
                },
                "moonslime.Cooking.egg_sandwhich": {
                    "Name": "Egg Sandwhich",
                    "DisplayName": "{{i18n:moonslime.Cooking.egg_sandwhich.name}}",
                    "Description": "{{i18n:moonslime.Cooking.egg_sandwhich.description}}",
                    "Type": "Cooking",
                    "Category": -7,
                    "Price": 500,
                    "Texture": "Mods/moonslime.CookingSkill/objects/textures",
                    "SpriteIndex": 16,
                    "Edibility": 88,
                    "IsDrink": false,
                    "Buffs": [
                        {
                            "Id": "Food",
                            "BuffId": null,
                            "IconTexture": null,
                            "IconSpriteIndex": 0,
                            "Duration": 980,
                            "IsDebuff": false,
                            "GlowColor": null,
                            "CustomAttributes": {
                                "FarmingLevel": 0,
                                "FishingLevel": 0,
                                "MiningLevel": 2,
                                "LuckLevel": 0,
                                "ForagingLevel": 0,
                                "MaxStamina": 0,
                                "MagneticRadius": 0,
                                "Speed": 0,
                                "Defense": 2,
                                "Attack": 0
                            },
                            "CustomFields": {
                            }
                        }
                    ],
                    "GeodeDropsDefaultItems": false,
                    "GeodeDrops": null,
                    "ArtifactSpotChances": null,
                    "ExcludeFromFishingCollection": true,
                    "ExcludeFromShippingCollection": true,
                    "ExcludeFromRandomSale": false,
                    "ContextTags": [
                        "color_yellow",
                        "food_party"
                    ],
                    "CustomFields": null
                },
                "moonslime.Cooking.egg_burrito": {
                    "Name": "Egg Burrito",
                    "DisplayName": "{{i18n:moonslime.Cooking.egg_burrito.name}}",
                    "Description": "{{i18n:moonslime.Cooking.egg_burrito.description}}",
                    "Type": "Cooking",
                    "Category": -7,
                    "Price": 405,
                    "Texture": "Mods/moonslime.CookingSkill/objects/textures",
                    "SpriteIndex": 17,
                    "Edibility": 110,
                    "IsDrink": false,
                    "Buffs": [
                        {
                            "Id": "Food",
                            "BuffId": null,
                            "IconTexture": null,
                            "IconSpriteIndex": 0,
                            "Duration": 30,
                            "IsDebuff": false,
                            "GlowColor": null,
                            "CustomAttributes": {
                                "FarmingLevel": 5,
                                "FishingLevel": 0,
                                "MiningLevel": 0,
                                "LuckLevel": 0,
                                "ForagingLevel": 0,
                                "MaxStamina": 0,
                                "MagneticRadius": 0,
                                "Speed": 3,
                                "Defense": 0,
                                "Attack": 0
                            },
                            "CustomFields": {}
                        }
                    ],
                    "GeodeDropsDefaultItems": false,
                    "GeodeDrops": null,
                    "ArtifactSpotChances": null,
                    "ExcludeFromFishingCollection": true,
                    "ExcludeFromShippingCollection": true,
                    "ExcludeFromRandomSale": false,
                    "ContextTags": [
                        "color_yellow",
                        "food_party"
                    ],
                    "CustomFields": null
                },
                "moonslime.Cooking.rice": {
                    "Name": "Steamed Rice",
                    "DisplayName": "{{i18n:moonslime.Cooking.rice.name}}",
                    "Description": "{{i18n:moonslime.Cooking.rice.description}}",
                    "Type": "Cooking",
                    "Category": -7,
                    "Price": 205,
                    "Texture": "Mods/moonslime.CookingSkill/objects/textures",
                    "SpriteIndex": 18,
                    "Edibility": 11,
                    "IsDrink": false,
                    "Buffs": [
                        {
                            "Id": "Food",
                            "BuffId": null,
                            "IconTexture": null,
                            "IconSpriteIndex": 0,
                            "Duration": 480,
                            "IsDebuff": false,
                            "GlowColor": null,
                            "CustomAttributes": {
                                "FarmingLevel": 0,
                                "FishingLevel": 0,
                                "MiningLevel": 0,
                                "LuckLevel": 0,
                                "ForagingLevel": 0,
                                "MaxStamina": 0,
                                "MagneticRadius": 0,
                                "Speed": 0,
                                "Defense": 0,
                                "Attack": 0
                            },
                            "CustomFields": {
                                "spacechase.SpaceCore.SkillBuff.moonslime.Cooking": "1"
                            }
                        }
                    ],
                    "GeodeDropsDefaultItems": false,
                    "GeodeDrops": null,
                    "ArtifactSpotChances": null,
                    "ExcludeFromFishingCollection": true,
                    "ExcludeFromShippingCollection": true,
                    "ExcludeFromRandomSale": false,
                    "ContextTags": [
                        "color_white"
                    ],
                    "CustomFields": null
                },
                "moonslime.Cooking.mushroom_rice": {
                    "Name": "Mushroom Rice",
                    "DisplayName": "{{i18n:moonslime.Cooking.mushroom_rice.name}}",
                    "Description": "{{i18n:moonslime.Cooking.mushroom_rice.description}}",
                    "Type": "Cooking",
                    "Category": -7,
                    "Price": 250,
                    "Texture": "Mods/moonslime.CookingSkill/objects/textures",
                    "SpriteIndex": 19,
                    "Edibility": 27,
                    "IsDrink": false,
                    "Buffs": [
                        {
                            "Id": "Food",
                            "BuffId": null,
                            "IconTexture": null,
                            "IconSpriteIndex": 0,
                            "Duration": 480,
                            "IsDebuff": false,
                            "GlowColor": null,
                            "CustomAttributes": {
                                "FarmingLevel": 0,
                                "FishingLevel": 0,
                                "MiningLevel": 0,
                                "LuckLevel": 0,
                                "ForagingLevel": 0,
                                "MaxStamina": 32,
                                "MagneticRadius": 0,
                                "Speed": 0,
                                "Defense": 0,
                                "Attack": 0
                            },
                            "CustomFields": {
                                "spacechase.SpaceCore.SkillBuff.moonslime.Cooking": "2"
                            }
                        }
                    ],
                    "GeodeDropsDefaultItems": false,
                    "GeodeDrops": null,
                    "ArtifactSpotChances": null,
                    "ExcludeFromFishingCollection": true,
                    "ExcludeFromShippingCollection": true,
                    "ExcludeFromRandomSale": false,
                    "ContextTags": [
                        "color_white",
                        "food_sweet",
                        "moonslime.ManaBarApi.ManaFill/10"
                    ],
                    "CustomFields": null
                },
                "moonslime.Cooking.wizard_casserole": {
                    "Name": "Casserole of Wizards",
                    "DisplayName": "{{i18n:moonslime.Cooking.wizard_casserole.name}}",
                    "Description": "{{i18n:moonslime.Cooking.wizard_casserole.description}}",
                    "Type": "Cooking",
                    "Category": -7,
                    "Price": 1000,
                    "Texture": "Mods/moonslime.CookingSkill/objects/textures",
                    "SpriteIndex": 20,
                    "Edibility": -60,
                    "IsDrink": false,
                    "Buffs": [
                        {
                            "Id": "Food",
                            "BuffId": null,
                            "IconTexture": null,
                            "IconSpriteIndex": 0,
                            "Duration": 87,
                            "IsDebuff": false,
                            "GlowColor": null,
                            "CustomAttributes": {
                                "FarmingLevel": 5,
                                "FishingLevel": 5,
                                "MiningLevel": 5,
                                "LuckLevel": 5,
                                "ForagingLevel": 5,
                                "MaxStamina": 32,
                                "MagneticRadius": 32,
                                "Speed": 5,
                                "Defense": 5,
                                "Attack": 5
                            },
                            "CustomFields": {
                                "spacechase.SpaceCore.SkillBuff.moonslime.Cooking": "5"
                            }
                        }
                    ],
                    "GeodeDropsDefaultItems": false,
                    "GeodeDrops": null,
                    "ArtifactSpotChances": null,
                    "ExcludeFromFishingCollection": true,
                    "ExcludeFromShippingCollection": true,
                    "ExcludeFromRandomSale": false,
                    "ContextTags": [
                        "color_purple",
                        "moonslime.ManaBarApi.ManaFill/50"
                    ],
                    "CustomFields": null
                },
                "moonslime.Cooking.spring_onion_soup": {
                    "Name": "Spring Onion Soup",
                    "DisplayName": "{{i18n:moonslime.Cooking.spring_onion_soup.name}}",
                    "Description": "{{i18n:moonslime.Cooking.spring_onion_soup.description}}",
                    "Type": "Cooking",
                    "Category": -7,
                    "Price": 40,
                    "Texture": "Mods/moonslime.CookingSkill/objects/textures",
                    "SpriteIndex": 21,
                    "Edibility": 25,
                    "IsDrink": false,
                    "Buffs": [
                        {
                            "Id": "Food",
                            "BuffId": null,
                            "IconTexture": null,
                            "IconSpriteIndex": 0,
                            "Duration": 480,
                            "IsDebuff": false,
                            "GlowColor": null,
                            "CustomAttributes": {
                                "FarmingLevel": 0,
                                "FishingLevel": 0,
                                "MiningLevel": 0,
                                "LuckLevel": 0,
                                "ForagingLevel": 1,
                                "MaxStamina": 0,
                                "MagneticRadius": 0,
                                "Speed": 0,
                                "Defense": 0,
                                "Attack": 0
                            },
                            "CustomFields": {}
                        }
                    ],
                    "GeodeDropsDefaultItems": false,
                    "GeodeDrops": null,
                    "ArtifactSpotChances": null,
                    "ExcludeFromFishingCollection": true,
                    "ExcludeFromShippingCollection": true,
                    "ExcludeFromRandomSale": false,
                    "ContextTags": [
                        "color_white",
                        "food_sweet"
                    ],
                    "CustomFields": null
                },
                "moonslime.Cooking.eggnog": {
                    "Name": "Eggnog",
                    "DisplayName": "{{i18n:moonslime.Cooking.eggnog.name}}",
                    "Description": "{{i18n:moonslime.Cooking.eggnog.description}}",
                    "Type": "Cooking",
                    "Category": -7,
                    "Price": 700,
                    "Texture": "Mods/moonslime.CookingSkill/objects/textures",
                    "SpriteIndex": 22,
                    "Edibility": 110,
                    "IsDrink": true,
                    "Buffs": [
                        {
                            "Id": "Drink",
                            "BuffId": null,
                            "IconTexture": null,
                            "IconSpriteIndex": 0,
                            "Duration": 1000,
                            "IsDebuff": false,
                            "GlowColor": null,
                            "CustomAttributes": {
                                "FarmingLevel": 0,
                                "FishingLevel": 0,
                                "MiningLevel": 0,
                                "LuckLevel": 0,
                                "ForagingLevel": 0,
                                "MaxStamina": 128,
                                "MagneticRadius": 128,
                                "Speed": 0,
                                "Defense": 0,
                                "Attack": 0
                            },
                            "CustomFields": {}
                        }
                    ],
                    "GeodeDropsDefaultItems": false,
                    "GeodeDrops": null,
                    "ArtifactSpotChances": null,
                    "ExcludeFromFishingCollection": true,
                    "ExcludeFromShippingCollection": true,
                    "ExcludeFromRandomSale": false,
                    "ContextTags": [
                        "color_white",
                        "food_sweet"
                    ],
                    "CustomFields": null
                },
                "moonslime.Cooking.nigiri": {
                    "Name": "Nagiri",
                    "DisplayName": "{{i18n:moonslime.Cooking.nigiri.name}}",
                    "Description": "{{i18n:moonslime.Cooking.nigiri.description}}",
                    "Type": "Cooking",
                    "Category": -7,
                    "Price": 510,
                    "Texture": "Mods/moonslime.CookingSkill/objects/textures",
                    "SpriteIndex": 23,
                    "Edibility": 36,
                    "IsDrink": false,
                    "Buffs": [
                        {
                            "Id": "Food",
                            "BuffId": null,
                            "IconTexture": null,
                            "IconSpriteIndex": 0,
                            "Duration": 480,
                            "IsDebuff": false,
                            "GlowColor": null,
                            "CustomAttributes": {
                                "FarmingLevel": 0,
                                "FishingLevel": 2,
                                "MiningLevel": 0,
                                "LuckLevel": 1,
                                "ForagingLevel": 0,
                                "MaxStamina": 0,
                                "MagneticRadius": 0,
                                "Speed": 0,
                                "Defense": 0,
                                "Attack": 2
                            },
                            "CustomFields": {}
                        }
                    ],
                    "GeodeDropsDefaultItems": false,
                    "GeodeDrops": null,
                    "ArtifactSpotChances": null,
                    "ExcludeFromFishingCollection": true,
                    "ExcludeFromShippingCollection": true,
                    "ExcludeFromRandomSale": false,
                    "ContextTags": [
                        "color_copper",
                        "food_seafood",
                        "food_sushi"
                    ],
                    "CustomFields": null
                },
                "moonslime.Cooking.skill_book": {
                    "Name": "The Big Book for Cooking",
                    "DisplayName": "{{i18n:moonslime.Cooking.skill_book.name}}",
                    "Description": "{{i18n:moonslime.Cooking.skill_book.description}}",
                    "Type": "asdf",
                    "Category": -103,
                    "Price": 500,
                    "Texture": "Mods/moonslime.CookingSkill/objects/textures",
                    "SpriteIndex": 24,
                    "Edibility": -300,
                    "IsDrink": false,
                    "Buffs": null,
                    "GeodeDropsDefaultItems": false,
                    "GeodeDrops": null,
                    "ArtifactSpotChances": null,
                    "ExcludeFromFishingCollection": true,
                    "ExcludeFromShippingCollection": true,
                    "ExcludeFromRandomSale": false,
                    "ContextTags": [
                        "moonslime.Cooking",
                        "color_light_cyan",
                        "book_item"
                    ],
                    "CustomFields": null
                },
                "moonslime.Cooking.green_stew": {
                    "Name": "Green Stew",
                    "DisplayName": "{{i18n:moonslime.Cooking.green_stew.name}}",
                    "Description": "{{i18n:moonslime.Cooking.green_stew.description}}",
                    "Type": "Cooking",
                    "Category": -7,
                    "Price": 550,
                    "Texture": "Mods/moonslime.CookingSkill/objects/textures",
                    "SpriteIndex": 25,
                    "Edibility": 105,
                    "IsDrink": false,
                    "Buffs": [
                        {
                            "Id": "Food",
                            "BuffId": null,
                            "IconTexture": null,
                            "IconSpriteIndex": 0,
                            "Duration": 380,
                            "IsDebuff": false,
                            "GlowColor": null,
                            "CustomAttributes": {
                                "FarmingLevel": 0,
                                "FishingLevel": 0,
                                "MiningLevel": 0,
                                "LuckLevel": 0,
                                "ForagingLevel": 2,
                                "MaxStamina": 0,
                                "MagneticRadius": 0,
                                "Speed": 0,
                                "Defense": 0,
                                "Attack": 0
                            },
                            "CustomFields": {}
                        }
                    ],
                    "GeodeDropsDefaultItems": false,
                    "GeodeDrops": null,
                    "ArtifactSpotChances": null,
                    "ExcludeFromFishingCollection": true,
                    "ExcludeFromShippingCollection": true,
                    "ExcludeFromRandomSale": false,
                    "ContextTags": [
                        "color_green",
                        "food_soup"
                    ],
                    "CustomFields": null
                },
                "moonslime.Cooking.green_smoothy": {
                    "Name": "Green Smoothy",
                    "DisplayName": "{{i18n:moonslime.Cooking.green_smoothy.name}}",
                    "Description": "{{i18n:moonslime.Cooking.green_smoothy.description}}",
                    "Type": "Cooking",
                    "Category": -7,
                    "Price": 175,
                    "Texture": "Mods/moonslime.CookingSkill/objects/textures",
                    "SpriteIndex": 26,
                    "Edibility": 38,
                    "IsDrink": true,
                    "Buffs": [
                        {
                            "Id": "Drink",
                            "BuffId": null,
                            "IconTexture": null,
                            "IconSpriteIndex": 0,
                            "Duration": 480,
                            "IsDebuff": false,
                            "GlowColor": null,
                            "CustomAttributes": {
                                "FarmingLevel": 0,
                                "FishingLevel": 0,
                                "MiningLevel": 0,
                                "LuckLevel": 0,
                                "ForagingLevel": 3,
                                "MaxStamina": 0,
                                "MagneticRadius": 0,
                                "Speed": 0,
                                "Defense": 0,
                                "Attack": 0
                            },
                            "CustomFields": {}
                        }
                    ],
                    "GeodeDropsDefaultItems": false,
                    "GeodeDrops": null,
                    "ArtifactSpotChances": null,
                    "ExcludeFromFishingCollection": true,
                    "ExcludeFromShippingCollection": true,
                    "ExcludeFromRandomSale": false,
                    "ContextTags": [
                        "color_green"
                    ],
                    "CustomFields": null
                },
                "moonslime.Cooking.anchovy_pizza": {
                    "Name": "Anchovy Pizza",
                    "DisplayName": "{{i18n:moonslime.Cooking.anchovy_pizza.name}}",
                    "Description": "{{i18n:moonslime.Cooking.anchovy_pizza.description}}",
                    "Type": "Cooking",
                    "Category": -7,
                    "Price": 675,
                    "Texture": "Mods/moonslime.CookingSkill/objects/textures",
                    "SpriteIndex": 27,
                    "Edibility": 100,
                    "IsDrink": false,
                    "Buffs": [
                        {
                            "Id": "Food",
                            "BuffId": null,
                            "IconTexture": null,
                            "IconSpriteIndex": 0,
                            "Duration": 480,
                            "IsDebuff": false,
                            "GlowColor": null,
                            "CustomAttributes": {
                                "FarmingLevel": 0,
                                "FishingLevel": 3,
                                "MiningLevel": 0,
                                "LuckLevel": 0,
                                "ForagingLevel": 0,
                                "MaxStamina": 32,
                                "MagneticRadius": 0,
                                "Speed": 0,
                                "Defense": 0,
                                "Attack": 0
                            },
                            "CustomFields": {
                            }
                        }
                    ],
                    "GeodeDropsDefaultItems": false,
                    "GeodeDrops": null,
                    "ArtifactSpotChances": null,
                    "ExcludeFromFishingCollection": true,
                    "ExcludeFromShippingCollection": true,
                    "ExcludeFromRandomSale": false,
                    "ContextTags": [
                        "color_red",
                        "food_party",
                        "food_seafood"
                    ],
                    "CustomFields": null
                },
                "moonslime.Cooking.soda": {
                    "Name": "Soda",
                    "DisplayName": "{{i18n:moonslime.Cooking.soda.name}}",
                    "Description": "{{i18n:moonslime.Cooking.soda.description}}",
                    "Type": "Basic",
                    "Category": -26,
                    "Price": 25,
                    "Texture": "Mods/moonslime.CookingSkill/objects/textures",
                    "SpriteIndex": 28,
                    "Edibility": 1,
                    "IsDrink": true,
                    "Buffs": [
                        {
                            "Id": "Drink",
                            "BuffId": null,
                            "IconTexture": null,
                            "IconSpriteIndex": 0,
                            "Duration": 30,
                            "IsDebuff": false,
                            "GlowColor": null,
                            "CustomAttributes": {
                                "FarmingLevel": 0,
                                "FishingLevel": 0,
                                "MiningLevel": 0,
                                "LuckLevel": 0,
                                "ForagingLevel": 0,
                                "MaxStamina": 0,
                                "MagneticRadius": 0,
                                "Speed": 1,
                                "Defense": 0,
                                "Attack": 0
                            },
                            "CustomFields": {
                            }
                        }
                    ],
                    "GeodeDropsDefaultItems": false,
                    "GeodeDrops": null,
                    "ArtifactSpotChances": null,
                    "ExcludeFromFishingCollection": true,
                    "ExcludeFromShippingCollection": true,
                    "ExcludeFromRandomSale": false,
                    "ContextTags": [
                        "color_dark_brown",
                        "drink_item",
                        "use_reverse_name_for_sorting"
                    ],
                    "CustomFields": null
                },
                "moonslime.Cooking.soda_Mystic": {
                    "Name": "Mystic Soda",
                    "DisplayName": "{{i18n:moonslime.Cooking.soda_Mystic.name}}",
                    "Description": "{{i18n:moonslime.Cooking.soda_Mystic.description}}",
                    "Type": "Basic",
                    "Category": -26,
                    "Texture": "Mods/moonslime.CookingSkill/objects/textures",
                    "SpriteIndex": 34,
                    "Edibility": 5,
                    "IsDrink": true,
                    "Buffs": [
                        {
                            "Id": "Drink",
                            "BuffId": null,
                            "IconTexture": null,
                            "IconSpriteIndex": 0,
                            "Duration": 3000,
                            "IsDebuff": false,
                            "GlowColor": null,
                            "CustomAttributes": {
                                "FarmingLevel": 0,
                                "FishingLevel": 0,
                                "MiningLevel": 0,
                                "LuckLevel": 0,
                                "ForagingLevel": 0,
                                "MaxStamina": 0,
                                "MagneticRadius": 0,
                                "Speed": 2,
                                "Defense": 0,
                                "Attack": 0
                            },
                            "CustomFields": {
                            }
                        }
                    ],
                    "GeodeDropsDefaultItems": false,
                    "GeodeDrops": null,
                    "ArtifactSpotChances": null,
                    "ExcludeFromFishingCollection": true,
                    "ExcludeFromShippingCollection": true,
                    "ExcludeFromRandomSale": false,
                    "ContextTags": [
                        "color_cyan",
                        "drink_item",
                        "use_reverse_name_for_sorting"
                    ],
                    "CustomFields": null
                },
                "moonslime.Cooking.yeast": {
                    "Name": "Yeast",
                    "DisplayName": "{{i18n:moonslime.Cooking.yeast.name}}",
                    "Description": "{{i18n:moonslime.Cooking.yeast.description}}",
                    "Type": "Basic",
                    "Category": 0,
                    "Texture": "Mods/moonslime.CookingSkill/objects/textures",
                    "SpriteIndex": 39,
                    "ColorOverlayFromNextIndex": false,
                    "Edibility": 5,
                    "IsDrink": false,
                    "Buffs": null,
                    "GeodeDropsDefaultItems": false,
                    "GeodeDrops": null,
                    "ArtifactSpotChances": null,
                    "CanBeGivenAsGift": true,
                    "CanBeTrashed": true,
                    "ExcludeFromFishingCollection": false,
                    "ExcludeFromShippingCollection": false,
                    "ExcludeFromRandomSale": false,
                    "ContextTags": [
                        "color_white"
                    ],
                    "CustomFields": null
                }
            }
        }
    ]
}
