﻿{
    "Changes": [
        {
            "Action": "EditData",
            "Target": "Data/Objects",
            "Fields": {
                "607": {
                    "Buffs": [
                        {
                            "Id": "Food",
                            "BuffId": null,
                            "IconTexture": null,
                            "IconSpriteIndex": 0,
                            "Duration": 3000,
                            "IsDebuff": false,
                            "GlowColor": null,
                            "CustomAttributes": {
                                "FarmingLevel": 0,
                                "FishingLevel": 0,
                                "MiningLevel": 0,
                                "LuckLevel": 0,
                                "ForagingLevel": 2,
                                "MaxStamina": 0,
                                "MagneticRadius": 0,
                                "Speed": 0,
                                "Defense": 0,
                                "Attack": 0
                            },
                            "CustomFields": {
                                "spacechase.SpaceCore.SkillBuff.moonslime.Archaeology": "1"
                            }
                        }
                    ]
                }
            }
        }
    ]
}
