﻿{
    "Changes": [
        {
            "Action": "EditData",
            "Target": "Data/Objects",
            "Fields": {
                "moonslime.Cooking.wizards_brew": {
                    "Buffs": [
                        {
                            "Id": "Drink",
                            "BuffId": null,
                            "IconTexture": null,
                            "IconSpriteIndex": 0,
                            "Duration": 87,
                            "IsDebuff": false,
                            "GlowColor": null,
                            "CustomAttributes": {
                                "FarmingLevel": 5,
                                "FishingLevel": 5,
                                "MiningLevel": 5,
                                "LuckLevel": 5,
                                "ForagingLevel": 5,
                                "MaxStamina": 32,
                                "MagneticRadius": 32,
                                "Speed": 5,
                                "Defense": 5,
                                "Attack": 5
                            },
                            "CustomFields": {
                                "spacechase.SpaceCore.SkillBuff.moonslime.Archaeology": "5",
                                "spacechase.SpaceCore.SkillBuff.drbirbdev.Binning": "5"
                            }
                        }
                    ]
                },
                "moonslime.Cooking.wizard_casserole": {
                    "Buffs": [
                        {
                            "Id": "Food",
                            "BuffId": null,
                            "IconTexture": null,
                            "IconSpriteIndex": 0,
                            "Duration": 87,
                            "IsDebuff": false,
                            "GlowColor": null,
                            "CustomAttributes": {
                                "FarmingLevel": 5,
                                "FishingLevel": 5,
                                "MiningLevel": 5,
                                "LuckLevel": 5,
                                "ForagingLevel": 5,
                                "MaxStamina": 32,
                                "MagneticRadius": 32,
                                "Speed": 5,
                                "Defense": 5,
                                "Attack": 5
                            },
                            "CustomFields": {
                                "spacechase.SpaceCore.SkillBuff.moonslime.Archaeology": "5",
                                "spacechase.SpaceCore.SkillBuff.drbirbdev.Binning": "5"
                            }
                        }
                    ]
                }
            }
        }
    ]
}
