﻿{
    "Format": "2.4.0",
    "ConfigSchema": {

        "Enable_Vanilla_Food_Changes": {
            "AllowValues": "true,false",
            "Default": "true"
        },
        "Enable_Cookout_Kit_Changes": {
            "AllowValues": "true,false",
            "Default": "true"
        }
    },
    "Changes": [
        {
            "Action": "Include",
            "FromFile": "Data/ObjectsData.json, Data/CraftingData.json, Data/MachinesData.json, GiftTastes/gift-tastes.json"
        },
        {
            "Action": "Include",
            "When": {
                "Enable_Vanilla_Food_Changes": true
            },
            "FromFile": "Data/Vanilla_ObjectsData.json"

        }
    ]
}
