﻿{
    "Format": "2.4.0",
    "ConfigSchema": {

        "Enable_Vanilla_Food_Changes": {
            "AllowValues": "true,false",
            "Default": "true"
        },
        "Enable_Cookout_Kit_Changes": {
            "AllowValues": "true,false",
            "Default": "true"
        }
    },
    "Changes": [
        {
            "Action": "Include",
            "FromFile": "Data/ObjectsData.json, Data/MachinesData.json, GiftTastes/gift-tastes.json, Data/CraftingData.json"
        },
        {
            "Action": "Include",
            "When": {
                "Enable_Vanilla_Food_Changes": true
            },
            "FromFile": "Data/Vanilla_ObjectsData.json"
        },
        {
            "Action": "Include",
            "When": {
                "HasMod |contains=moonslime.ArchaeologySkill": true
            },
            "FromFile": "Data/ObjectDataBuffs_Archaeology.json"
        },
        {
            "Action": "Include",
            "When": {
                "HasMod |contains=drbirbdev.BinningSkill": true
            },
            "FromFile": "Data/ObjectDataBuffs_Binning.json"
        },
        {
            "Action": "Include",
            "When": {
                "HasMod |contains=drbirbdev.SocializingSkill": true
            },
            "FromFile": "Data/ObjectDataBuffs_Social.json"
        },
        {
            "Action": "Include",
            "When": {
                "HasMod |contains=moonslime.AthleticSkill": true
            },
            "FromFile": "Data/ObjectDataBuffs_Athletic.json"
        },
        {
            "Action": "Include",
            "When": {
                "HasMod |contains=moonslime.BibliocraftSkill": true
            },
            "FromFile": "Data/ObjectDataBuffs_Bibliocraft.json"
        },
        {
            "Action": "Include",
            "When": {
                "Enable_Vanilla_Food_Changes": true,
                "HasMod |contains=drbirbdev.SocializingSkill": true
            },
            "FromFile": "Data/Vanilla_ObjectDataBuffs_Social.json"
        },
        {
            "Action": "Include",
            "When": {
                "Enable_Vanilla_Food_Changes": true,
                "HasMod |contains=moonslime.ArchaeologySkill": true
            },
            "FromFile": "Data/Vanilla_ObjectDataBuffs_Archaeology.json"
        }
    ]
}
