﻿{
    "Name": "moonslime.cooking.hotcocoa",
    "TranslationKey": "moonslime.cooking.hotcocoa",
    "Category": "Cooking",
    "Edibility": 65,
    "EdibleIsDrink": true,
    "EdibleBuffs": {
        "Farming": 0,
        "Fishing": 0,
        "Mining": 0,
        "Luck": 0,
        "Foraging": 0,
        "MaxStamina": 0,
        "MagnetRadius": 0,
        "Speed": 0,
        "Defense": 2,
        "Attack": 0,
        "Duration": 90
    },
    "Price": 200,
    "IsColored": false,
    "DisableWithMod": "ppja.artisanvalleymachinegoods",
    "CanPurchase": false,
    "PurchaseFrom": "Gus",
    "PurchasePrice": 300,
    "PurchaseRequirements": null,
    "Recipe": {
        "ResultCount": 1,
        "Ingredients": [
            {
                "Object": -6,
                "Count": 1
            },
            {
                "Object": 223,
                "Count": 1
            }
        ],
        "CanPurchase": false,
        "PurchaseFrom": "Gus",
        "PurchasePrice": 500,
        "PurchaseRequirements": null
    }
}
