﻿{
    "Changes": [
        {
            "Action": "EditData",
            "Target": "Data/CraftingRecipes",
            "Entries": {
                "moonslime.spooky.magnet_ring_s": "335 1 573 1//518/false/moonslime.Spooky 1",
                "moonslime.spooky.magnet_ring_l_1": "335 1 573 5//519/false/moonslime.Spooky 4",
                "moonslime.spooky.magnet_ring_l_2": "518 1 573 4//519/false/moonslime.Spooky 4",
                "moonslime.Spooky.dark_floor": "567 1 382 1 388 1//moonslime.Spooky.dark_floor 3/false/moonslime.Spooky 8",
                "moonslime.spooky.scary_brazier": "334 10 382 388 1//moonslime.Spooky.scary_brazier/true/moonslime.Spooky 8",
                "moonslime.spooky.dark_brazier": "567 1 382 1 388 1 390 10//moonslime.Spooky.dark_brazier/true/moonslime.Spooky 8",
                "moonslime.Spooky.burglar_ring": "548 1 335 1//526/false/moonslime.Spooky 9",
            }
        },
        {
            "Action": "EditData",
            "Target": "Data/CookingRecipes",
            "Entries": {

                "moonslime.Spooky.strobberies": "400 1 245 3//moonslime.Spooky.strobberies/moonslime.Spooky 2/",
                "moonslime.Spooky.candy_corn": "245 3//moonslime.Spooky.candy_corn/moonslime.Spooky 6/",
                "moonslime.Spooky.carrot_cake": "Carrot 3 246 1 245 1 -5 1//moonslime.Spooky.carrot_cake/moonslime.Spooky 9/"

            }
        }
    ]
}
