﻿{
    "Format": "2.4.0",
    "Changes": [
        {
            "Action": "Include",
            "FromFile": "Paths/Paths.json, Data/PathsData.json, Data/ObjectsData.json, Data/CraftingData.json, Data/MachinesData.json, Data/ObjectCatagories.json, GiftTastes/gift-tastes.json, Data/FenceData.json"
        },
        {
            "Action": "Include",
            "When": {
                "HasMod |contains=spacechase0.SpaceCore": true
            },
            "FromFile": "Data/ObjectCatagories.json"
        },
        {
            "Action": "Include",
            "When": {
                "HasMod |contains=Lumisteria.MtVapius": true
            },
            "FromFile": "Data/VMV_ObjectsData.json, Data/VMV_MachinesData.json, Data/VMV_ObjectCatagories.json"
        }
    ]
}
