﻿{
    "Name": "moonslime.excavation.h_preservation_chamber",
    "Price": 100,
    "ProvidesLight": false,
    "ReserveExtraIndexCount": 5,
    "Recipe": {
        "ResultCount": 1,
        "Ingredients": [
			{
                "Object": 709,
                "Count": 15
            },
			{
                "Object": 334,
                "Count": 1
            },
			{
                "Object": 725,
                "Count": 30
            }
        ],
        "CanPurchase": false
    },
    "CanPurchase": false,
    "TranslationKey": "moonslime.excavation.h_preservation_chamber"
}
