{
  "Changes": [
    {
      "Action": "EditData",
      "Target": "Data/NPCGiftTastes",
      "LogName": "Gift tastes: Naomi",
      "TextOperations": [
        /*Like*/
        {
          "Operation": "Append",
          "Target": [
            "Fields",
            "Naomi",
            3
          ],
          "Value": "moonslime.Cooking.wizard_casserole moonslime.Cooking.seafoam_icecream moonslime.Cooking.nigiri moonslime.Cooking.wizards_brew moonslime.Cooking.tomatoe_cheese_omelet moonslime.Cooking.egg_sandwhich moonslime.Cooking.apple_pie moonslime.Cooking.eggnog moonslime.Cooking.fish_pie moonslime.Cooking.egg_ramen moonslime.Cooking.ramen moonslime.Cooking.oeuf moonslime.Cooking.egg_burrito moonslime.Cooking.cream_pie moonslime.Cooking.fishers_breakfast moonslime.Cooking.caramel_miner_treat moonslime.Cooking.fries moonslime.Cooking.tomato_soup moonslime.Cooking.mushroom_rice moonslime.Cooking.strawberry_pie moonslime.Cooking.banana_field_snack moonslime.Cooking.rice",
          "Delimiter": " "
        }
        /*Dislike*/,
        {
          "Operation": "Append",
          "Target": [
            "Fields",
            "Naomi",
            5
          ],
          "Value": "moonslime.Cooking.spring_onion_soup moonslime.Cooking.pie_crust",
          "Delimiter": " "
        }
      ]
    }
  ]
}