﻿{
    "Format": "2.4.0",
    "Changes": [
        {
            "Action": "Include",
            "FromFile": "Data/ObjectsData.json, Data/CraftingData.json, Data/MachinesData.json"
        },
        {
            "LogName": "Buff Luck Icon",
            "Action": "EditImage",
            "Target": "TileSheets/BuffsIcons",
            "FromFile": "Assets/LuckiconA.png",
            "ToArea": {
                "X": 64,
                "Y": 0,
                "Width": 16,
                "Height": 16
            }
        },
        {
            "LogName": "Buff Luck Icon",
            "Action": "EditImage",
            "Target": "TerrainFeatures/BuffsIcons",
            "FromFile": "Assets/LuckiconB.png",
            "ToArea": {
                "X": 256,
                "Y": 0,
                "Width": 64,
                "Height": 64
            }
        }
    ]
}
