﻿{
    "Changes": [
        {
            "Action": "EditData",
            "Target": "Mods/leclair.bettercrafting/CraftingStations",
            "TargetField": [ "moonslime.Bibliocraft.Pen_Pal_Desk", "Recipes" ],
            "TextOperations": [
                {
                    "Operation": "Append",
                    "Target": [ "moonslime.Bibliocraft.Pen_Pal_Desk", "Recipes" ],
                    "Value": "moonslime.Bibliocraft.letter_Victor",
                    "Delimiter": "," // if the field isn't empty, add a space between the old & new text
                }
            ]
        }
    ]
}
