﻿{
    "Format": "2.4.0",
    "DynamicTokens": [
        {
            "Name": "TypeSetter",
            "Value": "-211368981"
        },
        {
            "Name": "Pagefinder",
            "Value": "-373316868"
        }
    ],
    "Changes": [
        {
            "Action": "Include",
            "FromFile": "Data/TextureData.json, Data/ObjectsData.json, Data/MillData.json, Data/MachinesData.json, Data/CraftingData.json, Data/StationData.json, Data/PagefinderData.json, Data/TypeSetterData.json, Data/KilnPatchData.json"
        },
        {
            "Action": "Include",
            "When": {
                "HasMod |contains=FlashShifter.StardewValleyExpandedCP": true
            },
            "FromFile": "Data/SVE/ObjectsData.json, Data/SVE/CraftingData.json"
        },
        {
            "Action": "Include",
            "When": {
                "HasMod |contains=DH.Kiyuga.Characters": true
            },
            "FromFile": "Data/Downhill/ObjectsData.json, Data/Downhill/CraftingData.json"
        }
    ]
}
