﻿{
    "Changes": [
        {
            "Action": "EditData",
            "Target": "Data/CraftingRecipes",
            "Entries": {
                "moonslime.Luck.slots_copper": "334 15 390 1 388 1 771 1 92 1 766 1 296 1 330 1 167 1//moonslime.Luck.slots_copper/true/moonslime.Luck 2",
                "moonslime.Luck.slots_gold": "336 15 moonslime.Luck.slots_copper 1//moonslime.Luck.slots_gold/true/moonslime.Luck 4",
                "moonslime.Luck.slots_iridium": "337 15 moonslime.Luck.slots_gold 1//moonslime.Luck.slots_iridium/true/moonslime.Luck 6",
                "moonslime.Luck.slots_radioactive": "910 15 moonslime.Luck.slots_iridium 1//moonslime.Luck.slots_radioactive/true/moonslime.Luck 8"
            }
        }
    ]
}