﻿{
    "Changes": [
        {
            "Action": "EditData",
            "Target": "Data/BigCraftables",
            "Entries": {
                "moonslime.Luck.slots_copper": {
                    "Name": "Copper Slot Machine",
                    "DisplayName": "{{i18n:moonslime.Luck.slots_copper.name}}",
                    "Description": "{{i18n:moonslime.Luck.slots_copper.description}}",
                    "Price": 1350,
                    "Texture": "Mods/moonslime.LuckSkill/textures",
                    "SpriteIndex": 0
                },
                "moonslime.Luck.slots_gold": {
                    "Name": "Gold Slot Machine",
                    "DisplayName": "{{i18n:moonslime.Luck.slots_gold.name}}",
                    "Description": "{{i18n:moonslime.Luck.slots_gold.description}}",
                    "Price": 7000,
                    "Texture": "Mods/moonslime.LuckSkill/textures",
                    "SpriteIndex": 3
                },
                "moonslime.Luck.slots_iridium": {
                    "Name": "Iridium Slot Machine",
                    "DisplayName": "{{i18n:moonslime.Luck.slots_iridium.name}}",
                    "Description": "{{i18n:moonslime.Luck.slots_iridium.description}}",
                    "Price": 30000,
                    "Texture": "Mods/moonslime.LuckSkill/textures",
                    "SpriteIndex": 6
                },
                "moonslime.Luck.slots_radioactive": {
                    "Name": "Radioative Slot Machine",
                    "DisplayName": "{{i18n:moonslime.Luck.slots_radioactive.name}}",
                    "Description": "{{i18n:moonslime.Luck.slots_radioactive.description}}",
                    "Price": 98000,
                    "Texture": "Mods/moonslime.LuckSkill/textures",
                    "SpriteIndex": 9
                }
            }
        }
    ]
}
